timestamp_utc,body_1,body_2,aspect_angle,aspect_name,orb_resid_deg,relative_speed,body_1_speed,body_2_speed,crossing_rising,bar_index,candle_open_time
2021-01-06 23:23:16.963134+00:00,moon,pluto,270.0,square_lower,2.7755575615628914e-17,14.12503400408217,14.158066768092809,0.033032764010638385,True,5,2021-01-06 00:00:00+00:00
2021-01-13 07:22:04.976026+00:00,moon,pluto,0.0,conjunction,0.0,13.87282388031042,13.906097115875223,0.03327323556480341,True,12,2021-01-13 00:00:00+00:00
2021-01-20 08:28:54.182013+00:00,moon,pluto,90.0,square,0.0,11.862213958753882,11.89535425549775,0.033140296743868265,True,19,2021-01-20 00:00:00+00:00
2021-01-27 17:55:07.181060+00:00,moon,pluto,180.0,opposition,0.0,13.070981865044972,13.103553364604878,0.032571499559905216,True,26,2021-01-27 00:00:00+00:00
2021-02-03 06:14:59.599122+00:00,moon,pluto,270.0,square_lower,0.0,14.138837312385574,14.170578365107449,0.03174105272187557,True,33,2021-02-03 00:00:00+00:00
2021-02-09 17:21:41.261480+00:00,moon,pluto,0.0,conjunction,0.0,13.58202837208709,13.612630284138245,0.03060191205115589,True,39,2021-02-09 00:00:00+00:00
2021-02-16 18:32:27.275790+00:00,moon,pluto,90.0,square,0.0,11.93792824256037,11.966918488053937,0.02899024549356649,True,46,2021-02-16 00:00:00+00:00
2021-02-24 04:53:47.305208+00:00,moon,pluto,180.0,opposition,0.0,13.048411358533315,13.07533524769053,0.026923889157215688,True,54,2021-02-24 00:00:00+00:00
2021-03-02 14:09:21.039814+00:00,moon,pluto,270.0,square_lower,0.0,14.544283469587342,14.569175246315778,0.024891776728437256,True,60,2021-03-02 00:00:00+00:00
2021-03-09 00:52:20.962824+00:00,moon,pluto,0.0,conjunction,0.0,13.317414333119977,13.34001885575527,0.02260452263529323,True,67,2021-03-09 00:00:00+00:00
2021-03-16 03:40:14.789477+00:00,moon,pluto,90.0,square,0.0,11.977673374033477,11.99748144847401,0.019808074440533063,True,74,2021-03-16 00:00:00+00:00
2021-03-23 15:26:17.765352+00:00,moon,pluto,180.0,opposition,0.0,12.81435236072274,12.830976830545898,0.016624469823159137,True,81,2021-03-23 00:00:00+00:00
2021-03-30 00:07:48.430140+00:00,moon,pluto,270.0,square_lower,0.0,14.995739918858908,15.009523877937387,0.013783959078478954,True,88,2021-03-30 00:00:00+00:00
2021-04-05 07:05:15.066694+00:00,moon,pluto,0.0,conjunction,0.0,13.346735016397083,13.35760209803869,0.010867081641607282,True,94,2021-04-05 00:00:00+00:00
2021-04-12 11:12:14.176345+00:00,moon,pluto,90.0,square,0.0,11.955999942648672,11.96342268760557,0.007422744956897444,True,101,2021-04-12 00:00:00+00:00
2021-04-20 00:03:26.761853+00:00,moon,pluto,180.0,opposition,0.0,12.528487060909683,12.532234860362399,0.003747799452716583,True,109,2021-04-20 00:00:00+00:00
2021-04-26 11:15:01.237794+00:00,moon,pluto,270.0,square_lower,0.0,15.138767374264248,15.13938257003986,0.0006151957756119287,True,115,2021-04-26 00:00:00+00:00
2021-05-02 13:53:47.940849+00:00,moon,pluto,0.0,conjunction,0.0,13.707178452134487,13.704870839586428,-0.002307612548058592,True,121,2021-05-02 00:00:00+00:00
2021-05-09 17:15:46.612803+00:00,moon,pluto,90.0,square,0.0,11.908430061001832,11.902767911944183,-0.005662149057648147,True,128,2021-05-09 00:00:00+00:00
2021-05-17 06:22:39.096790+00:00,moon,pluto,180.0,opposition,0.0,12.366313662593589,12.357261946099959,-0.009051716493630107,True,136,2021-05-17 00:00:00+00:00
2021-05-23 21:36:31.293585+00:00,moon,pluto,270.0,square_lower,0.0,14.870537091560076,14.85870639809567,-0.011830693464406175,True,142,2021-05-23 00:00:00+00:00
2021-05-29 22:14:41.437971+00:00,moon,pluto,0.0,conjunction,0.0,14.185604531405877,14.17143050579337,-0.014174025612506603,True,148,2021-05-29 00:00:00+00:00
2021-06-05 22:37:26.797236+00:00,moon,pluto,90.0,square,0.0,11.905728277660945,11.889051078468443,-0.016677199192502438,True,155,2021-06-05 00:00:00+00:00
2021-06-13 11:16:07.594607+00:00,moon,pluto,180.0,opposition,0.0,12.386682171544669,12.367663514963253,-0.019018656581416025,True,163,2021-06-13 00:00:00+00:00
2021-06-20 05:37:32.153167+00:00,moon,pluto,270.0,square_lower,0.0,14.384140912095486,14.363380383876516,-0.020760528218970176,True,170,2021-06-20 00:00:00+00:00
2021-06-26 07:35:26.193437+00:00,moon,pluto,0.0,conjunction,5.551115123125783e-17,14.486372559237623,14.464346071808691,-0.022026487428931207,True,176,2021-06-26 00:00:00+00:00
2021-07-03 04:14:43.737887+00:00,moon,pluto,90.0,square,0.0,11.995969340980128,11.972847604957991,-0.023121736022137428,True,183,2021-07-03 00:00:00+00:00
2021-07-10 16:10:05.333892+00:00,moon,pluto,180.0,opposition,0.0,12.510410137433327,12.486547499222484,-0.023862638210842755,True,190,2021-07-10 00:00:00+00:00
2021-07-17 11:03:26.356994+00:00,moon,pluto,270.0,square_lower,0.0,14.008632350529897,13.984545278388406,-0.024087072141490203,True,197,2021-07-17 00:00:00+00:00
2021-07-23 16:34:16.084547+00:00,moon,pluto,0.0,conjunction,5.551115123125783e-17,14.44395123185079,14.420018227844174,-0.023933004006615455,True,203,2021-07-23 00:00:00+00:00
2021-07-30 10:43:43.812075+00:00,moon,pluto,90.0,square,0.0,12.158238380568068,12.134832027873077,-0.02340635269499184,True,210,2021-07-30 00:00:00+00:00
2021-08-06 22:11:34.358359+00:00,moon,pluto,180.0,opposition,0.0,12.594851569217381,12.57248661908876,-0.022364950128621598,True,217,2021-08-06 00:00:00+00:00
2021-08-13 15:20:26.368172+00:00,moon,pluto,270.0,square_lower,0.0,13.977192898863095,13.956181690246503,-0.02101120861659294,True,224,2021-08-13 00:00:00+00:00
2021-08-19 23:59:16.340898+00:00,moon,pluto,0.0,conjunction,0.0,14.13392108773508,14.114520479075251,-0.019400608659828806,True,230,2021-08-19 00:00:00+00:00
2021-08-26 18:02:01.166643+00:00,moon,pluto,90.0,square,0.0,12.308284090529606,12.29089075135162,-0.017393339177986033,True,237,2021-08-26 00:00:00+00:00
2021-09-03 05:37:25.724908+00:00,moon,pluto,180.0,opposition,0.0,12.534549109802807,12.519732751106897,-0.014816358695910295,True,245,2021-09-03 00:00:00+00:00
2021-09-09 20:47:51.121108+00:00,moon,pluto,270.0,square_lower,0.0,14.270431118814999,14.258194556920131,-0.012236561894867522,True,251,2021-09-09 00:00:00+00:00
2021-09-16 05:39:41.680268+00:00,moon,pluto,0.0,conjunction,0.0,13.82518617215172,13.815634968401893,-0.009551203749828518,True,258,2021-09-16 00:00:00+00:00
2021-09-23 01:37:23.064947+00:00,moon,pluto,90.0,square,0.0,12.356734102842397,12.350222202665602,-0.0065119001767952635,True,265,2021-09-23 00:00:00+00:00
2021-09-30 13:54:25.037001+00:00,moon,pluto,180.0,opposition,0.0,12.332801448369443,12.329798871854322,-0.003002576515120013,True,272,2021-09-30 00:00:00+00:00
2021-10-07 05:03:09.965823+00:00,moon,pluto,270.0,square_lower,0.0,14.625991634800325,14.626207277735151,0.00021564293482631786,True,279,2021-10-07 00:00:00+00:00
2021-10-13 10:53:18.753267+00:00,moon,pluto,0.0,conjunction,0.0,13.803970571179258,13.807261587064483,0.0032910158852254468,True,285,2021-10-13 00:00:00+00:00
2021-10-20 08:55:35.315702+00:00,moon,pluto,90.0,square,0.0,12.277743011296565,12.284421594081548,0.006678582784983588,True,292,2021-10-20 00:00:00+00:00
2021-10-27 22:07:38.237532+00:00,moon,pluto,180.0,opposition,0.0,12.104155361498584,12.114482020134073,0.010326658635489048,True,299,2021-10-27 00:00:00+00:00
2021-11-03 15:57:19.425477+00:00,moon,pluto,270.0,square_lower,0.0,14.717436592226152,14.730952212992607,0.0135156207664551,True,306,2021-11-03 00:00:00+00:00
2021-11-09 17:51:22.162856+00:00,moon,pluto,0.0,conjunction,0.0,14.15771179158742,14.173995152437776,0.016283360850355606,True,312,2021-11-09 00:00:00+00:00
2021-11-16 15:50:51.868255+00:00,moon,pluto,90.0,square,0.0,12.143082166980209,12.162325123077084,0.01924295609687554,True,319,2021-11-16 00:00:00+00:00
2021-11-24 05:46:01.692099+00:00,moon,pluto,180.0,opposition,0.0,11.986898570561262,12.00914057720715,0.022242006645887002,True,327,2021-11-24 00:00:00+00:00
2021-12-01 03:42:59.610421+00:00,moon,pluto,270.0,square_lower,0.0,14.408824840126071,14.43356297477228,0.024738134646208866,True,334,2021-12-01 00:00:00+00:00
2021-12-07 03:55:33.698052+00:00,moon,pluto,0.0,conjunction,0.0,14.667412523398479,14.69409377668971,0.02668125329123151,True,340,2021-12-07 00:00:00+00:00
2021-12-13 23:00:30.475181+00:00,moon,pluto,90.0,square,0.0,12.090025203519728,12.118598736641616,0.028573533121887075,True,346,2021-12-13 00:00:00+00:00
2021-12-21 13:09:54.438645+00:00,moon,pluto,180.0,opposition,0.0,12.023326209823315,12.053636167610406,0.030309957787090763,True,354,2021-12-21 00:00:00+00:00
2021-12-28 14:06:28.050340+00:00,moon,pluto,270.0,square_lower,0.0,13.892998077039914,13.924563501399302,0.031565424359387265,True,361,2021-12-28 00:00:00+00:00
2022-01-03 16:20:31.474125+00:00,moon,pluto,0.0,conjunction,0.0,14.952719570703122,14.98506910338101,0.0323495326778869,True,367,2022-01-03 00:00:00+00:00
2022-01-10 07:23:04.285267+00:00,moon,pluto,90.0,square,0.0,12.21471938709241,12.247568599312768,0.03284921222035708,True,374,2022-01-10 00:00:00+00:00
2022-01-17 21:07:58.181637+00:00,moon,pluto,180.0,opposition,0.0,12.130271269264048,12.163251706499308,0.032980437235259535,True,381,2022-01-17 00:00:00+00:00
2022-01-24 22:09:58.181645+00:00,moon,pluto,270.0,square_lower,0.0,13.54343771996302,13.576175077763404,0.032737357800383705,True,388,2022-01-24 00:00:00+00:00
2022-01-31 04:43:47.802573+00:00,moon,pluto,0.0,conjunction,0.0,14.803349436238303,14.835533891236128,0.032184454997825504,True,395,2022-01-31 00:00:00+00:00
2022-02-06 17:20:42.349902+00:00,moon,pluto,90.0,square,0.0,12.465500856629257,12.496765959059948,0.031265102430691194,True,401,2022-02-06 00:00:00+00:00
2022-02-14 06:06:52.292134+00:00,moon,pluto,180.0,opposition,0.0,12.189392617345113,12.219204106975209,0.029811489630094622,True,409,2022-02-14 00:00:00+00:00
2022-02-21 05:01:38.512479+00:00,moon,pluto,270.0,square_lower,1.734723475976807e-18,13.584238087099457,13.612374123666424,0.028136036566965863,True,416,2022-02-21 00:00:00+00:00
2022-02-27 14:49:29.274729+00:00,moon,pluto,0.0,conjunction,5.551115123125783e-17,14.376466643801146,14.402778042205629,0.026311398404482742,True,422,2022-02-27 00:00:00+00:00
2022-03-06 04:01:36.300416+00:00,moon,pluto,90.0,square,0.0,12.672545582213266,12.696708884079158,0.02416330186589258,True,429,2022-03-06 00:00:00+00:00
2022-03-13 15:44:11.148540+00:00,moon,pluto,180.0,opposition,0.0,12.147511423320372,12.168928899310734,0.021417475990362058,True,436,2022-03-13 00:00:00+00:00
2022-03-20 12:39:58.072211+00:00,moon,pluto,270.0,square_lower,0.0,13.913490758980615,13.93217131410173,0.01868055512111585,True,443,2022-03-20 00:00:00+00:00
2022-03-26 22:03:41.806721+00:00,moon,pluto,0.0,conjunction,0.0,14.051102573495,14.067065481465114,0.015962907970114733,True,449,2022-03-26 00:00:00+00:00
2022-04-02 13:51:10.718761+00:00,moon,pluto,90.0,square,0.0,12.705725525783167,12.71868772383208,0.012962198048912934,True,456,2022-04-02 00:00:00+00:00
2022-04-10 01:01:08.678067+00:00,moon,pluto,180.0,opposition,0.0,12.037794758770136,12.047259482510734,0.0094647237405968,True,464,2022-04-10 00:00:00+00:00
2022-04-16 21:56:54.436988+00:00,moon,pluto,270.0,square_lower,0.0,14.224907553184064,14.231095285717778,0.006187732533714187,True,470,2022-04-16 00:00:00+00:00
2022-04-23 03:52:52.574052+00:00,moon,pluto,0.0,conjunction,0.0,14.10765060664258,14.110832736275002,0.0031821296324231856,True,477,2022-04-23 00:00:00+00:00
2022-04-29 21:38:25.627934+00:00,moon,pluto,90.0,square,0.0,12.585241969275145,12.585165408694142,-7.656058100420369e-05,True,483,2022-04-29 00:00:00+00:00
2022-05-07 08:59:07.027627+00:00,moon,pluto,180.0,opposition,0.0,11.935124055068668,11.931495727600012,-0.0036283274686559493,True,491,2022-05-07 00:00:00+00:00
2022-05-14 08:07:24.856324+00:00,moon,pluto,270.0,square_lower,0.0,14.255963299718319,14.249155373737903,-0.006807925980416292,True,498,2022-05-14 00:00:00+00:00
2022-05-20 10:23:54.278104+00:00,moon,pluto,0.0,conjunction,0.0,14.527241725376845,14.517776429546917,-0.009465295829928121,True,504,2022-05-20 00:00:00+00:00
2022-05-27 03:20:13.448093+00:00,moon,pluto,90.0,square,0.0,12.454672948451963,12.442428777744052,-0.012244170707910434,True,511,2022-05-27 00:00:00+00:00
2022-06-03 15:15:00.915141+00:00,moon,pluto,180.0,opposition,0.0,11.894540110430118,11.87944772600573,-0.01509238442438894,True,518,2022-06-03 00:00:00+00:00
2022-06-10 17:36:28.775077+00:00,moon,pluto,270.0,square_lower,0.0,13.959971495015923,13.942501294540543,-0.01747020047537888,True,525,2022-06-10 00:00:00+00:00
2022-06-16 18:41:27.032846+00:00,moon,pluto,0.0,conjunction,0.0,15.028760652728389,15.009525174373172,-0.019235478355217158,True,531,2022-06-16 00:00:00+00:00
2022-06-23 08:02:22.408282+00:00,moon,pluto,90.0,square,0.0,12.472277844964667,12.451395947385791,-0.020881897578875798,True,538,2022-06-23 00:00:00+00:00
2022-06-30 20:13:58.167791+00:00,moon,pluto,180.0,opposition,0.0,11.915041424858076,11.892680174690076,-0.02236125016800015,True,545,2022-06-30 00:00:00+00:00
2022-07-08 01:03:55.223591+00:00,moon,pluto,270.0,square_lower,0.0,13.51793121974499,13.49460723090924,-0.023323988835748228,True,553,2022-07-08 00:00:00+00:00
2022-07-14 04:16:48.752620+00:00,moon,pluto,0.0,conjunction,0.0,15.275507346231715,15.251713863590341,-0.023793482641374222,True,559,2022-07-14 00:00:00+00:00
2022-07-20 13:20:02.050412+00:00,moon,pluto,90.0,square,0.0,12.69780698946575,12.673847053785819,-0.02395993567993091,True,565,2022-07-20 00:00:00+00:00
2022-07-28 00:54:09.100829+00:00,moon,pluto,180.0,opposition,0.0,11.95145145999923,11.927751691578013,-0.02369976842121693,True,573,2022-07-28 00:00:00+00:00
2022-08-04 06:19:35.416456+00:00,moon,pluto,270.0,square_lower,0.0,13.200911712995818,13.177949584465466,-0.02296212853035285,True,580,2022-08-04 00:00:00+00:00
2022-08-10 13:44:56.412236+00:00,moon,pluto,0.0,conjunction,0.0,15.107158377041264,15.085205072382877,-0.021953304658386963,True,586,2022-08-10 00:00:00+00:00
2022-08-16 20:18:06.597639+00:00,moon,pluto,90.0,square,0.0,13.03670353487144,13.016050021778787,-0.02065351309265478,True,592,2022-08-16 00:00:00+00:00
2022-08-24 06:16:49.824510+00:00,moon,pluto,180.0,opposition,0.0,11.957992435128027,11.939266189547322,-0.018726245580704577,True,600,2022-08-24 00:00:00+00:00
2022-08-31 10:43:28.532583+00:00,moon,pluto,270.0,square_lower,0.0,13.175554468622405,13.15909090885705,-0.01646355976535492,True,607,2022-08-31 00:00:00+00:00
2022-09-06 21:42:43.362729+00:00,moon,pluto,0.0,conjunction,0.0,14.65490214638678,14.64075478058591,-0.014147365800870218,True,613,2022-09-06 00:00:00+00:00
2022-09-13 04:52:59.752223+00:00,moon,pluto,90.0,square,0.0,13.292594255262543,13.280906529968359,-0.01168772529418316,True,620,2022-09-13 00:00:00+00:00
2022-09-20 12:58:30.263195+00:00,moon,pluto,180.0,opposition,0.0,11.923094140558925,11.914509021825259,-0.00858511873366614,True,627,2022-09-20 00:00:00+00:00
2022-09-27 16:20:44.580975+00:00,moon,pluto,270.0,square_lower,0.0,13.388457226732347,13.383111320953248,-0.005345905779099457,True,634,2022-09-27 00:00:00+00:00
2022-10-04 03:48:55.524328+00:00,moon,pluto,0.0,conjunction,5.551115123125783e-17,14.261428339661302,14.259146826198794,-0.002281513462508325,True,641,2022-10-04 00:00:00+00:00
2022-10-10 14:02:00.295925+00:00,moon,pluto,90.0,square,0.0,13.30905960760935,13.309869636882198,0.0008100292728475859,True,647,2022-10-10 00:00:00+00:00
2022-10-17 20:56:24.487767+00:00,moon,pluto,180.0,opposition,0.0,11.871799906300755,11.876158029718304,0.004358123417550659,True,654,2022-10-17 00:00:00+00:00
2022-10-25 00:35:41.364857+00:00,moon,pluto,270.0,square_lower,0.0,13.607991841240882,13.615845430893822,0.007853589652941152,True,662,2022-10-25 00:00:00+00:00
2022-10-31 09:22:33.056673+00:00,moon,pluto,0.0,conjunction,0.0,14.24275447717782,14.253670108248794,0.010915631070973144,True,668,2022-10-31 00:00:00+00:00
2022-11-06 22:29:41.971945+00:00,moon,pluto,90.0,square,0.0,13.098438022627585,13.11238902170404,0.013950999076454099,True,674,2022-11-06 00:00:00+00:00
2022-11-14 05:34:49.253652+00:00,moon,pluto,180.0,opposition,0.0,11.839945043023553,11.857126586513425,0.017181543489871668,True,682,2022-11-14 00:00:00+00:00
2022-11-21 11:14:32.597419+00:00,moon,pluto,270.0,square_lower,0.0,13.594657050863606,13.614861497522533,0.020204446658927105,True,689,2022-11-21 00:00:00+00:00
2022-11-27 16:42:54.424846+00:00,moon,pluto,0.0,conjunction,0.0,14.637915691694545,14.660527912714958,0.022612221020413117,True,695,2022-11-27 00:00:00+00:00
2022-12-04 05:46:14.984351+00:00,moon,pluto,90.0,square,0.0,12.856125778823857,12.881019084250562,0.024893305426705047,True,702,2022-12-04 00:00:00+00:00
2022-12-11 14:10:55.952581+00:00,moon,pluto,180.0,opposition,0.0,11.839062508421833,11.866212180761709,0.027149672339875038,True,709,2022-12-11 00:00:00+00:00
2022-12-18 22:35:30.110527+00:00,moon,pluto,270.0,square_lower,0.0,13.294453950383184,13.32352839482436,0.02907444444117453,True,716,2022-12-18 00:00:00+00:00
2022-12-25 03:11:00.688394+00:00,moon,pluto,0.0,conjunction,0.0,15.143501451218416,15.173905048040199,0.030403596821783174,True,723,2022-12-25 00:00:00+00:00
2022-12-31 12:43:54.179304+00:00,moon,pluto,90.0,square,5.551115123125783e-17,12.829832344773017,12.861288384390654,0.031456039617636676,True,729,2022-12-31 00:00:00+00:00
2023-01-07 22:22:56.298040+00:00,moon,pluto,180.0,opposition,0.0,11.845404131914878,11.877688499891779,0.03228436797690039,True,736,2023-01-07 00:00:00+00:00
2023-01-15 08:39:36.429845+00:00,moon,pluto,270.0,square_lower,0.0,12.89940955787125,12.932118573139306,0.03270901526805643,True,744,2023-01-15 00:00:00+00:00
2023-01-21 15:52:11.610195+00:00,moon,pluto,0.0,conjunction,0.0,15.343883310555661,15.376611741159577,0.03272843060391564,True,750,2023-01-21 00:00:00+00:00
2023-01-27 21:01:09.254445+00:00,moon,pluto,90.0,square,0.0,13.109953336194819,13.142370405131265,0.03241706893644668,True,756,2023-01-27 00:00:00+00:00
2023-02-04 06:18:58.848728+00:00,moon,pluto,180.0,opposition,0.0,11.835754755882677,11.867412562718993,0.03165780683631611,True,764,2023-02-04 00:00:00+00:00
2023-02-11 16:41:15.584557+00:00,moon,pluto,270.0,square_lower,0.0,12.680318755692078,12.710820131331474,0.030501375639396353,True,771,2023-02-11 00:00:00+00:00
2023-02-18 04:17:49.825989+00:00,moon,pluto,0.0,conjunction,0.0,15.07652559296087,15.105693508398915,0.02916791543804406,True,778,2023-02-18 00:00:00+00:00
2023-02-24 07:21:51.186689+00:00,moon,pluto,90.0,square,0.0,13.524655601990535,13.552274580631234,0.027618978640699877,True,784,2023-02-24 00:00:00+00:00
2023-03-03 14:22:31.873580+00:00,moon,pluto,180.0,opposition,0.0,11.826062394022864,11.851523535654692,0.025461141631828506,True,791,2023-03-03 00:00:00+00:00
2023-03-10 23:36:30.292895+00:00,moon,pluto,270.0,square_lower,0.0,12.743108046349382,12.766087707616434,0.02297966126705146,True,798,2023-03-10 00:00:00+00:00
2023-03-17 14:13:39.609746+00:00,moon,pluto,0.0,conjunction,0.0,14.571526990274414,14.592044758053548,0.020517767779133916,True,805,2023-03-17 00:00:00+00:00
2023-03-23 18:42:24.728561+00:00,moon,pluto,90.0,square,0.0,13.786156482385195,13.804165056086909,0.018008573701714093,True,811,2023-03-23 00:00:00+00:00
2023-03-30 22:46:09.700581+00:00,moon,pluto,180.0,opposition,0.0,11.851533073099274,11.866448066415073,0.014914993315798503,True,818,2023-03-30 00:00:00+00:00
2023-04-07 06:53:45.970712+00:00,moon,pluto,270.0,square_lower,0.0,12.965760531587312,12.977368016848624,0.011607485261312356,True,826,2023-04-07 00:00:00+00:00
2023-04-13 21:11:13.228431+00:00,moon,pluto,0.0,conjunction,0.0,14.22820115536205,14.236736183820469,0.008535028458417616,True,832,2023-04-13 00:00:00+00:00
2023-04-20 05:04:24.703520+00:00,moon,pluto,90.0,square,0.0,13.74681218424607,13.752320591175346,0.005508406929276048,True,839,2023-04-20 00:00:00+00:00
2023-04-27 07:13:12.681984+00:00,moon,pluto,180.0,opposition,0.0,11.917467550353154,11.919563209812106,0.00209565945895126,True,846,2023-04-27 00:00:00+00:00
2023-05-04 15:12:01.525544+00:00,moon,pluto,270.0,square_lower,0.0,13.131046456250523,13.12966152278254,-0.00138493346798322,True,853,2023-05-04 00:00:00+00:00
2023-05-11 02:40:01.096222+00:00,moon,pluto,0.0,conjunction,0.0,14.28637053097427,14.281977475297994,-0.004393055676275485,True,860,2023-05-11 00:00:00+00:00
2023-05-17 13:00:14.472280+00:00,moon,pluto,90.0,square,4.336808689942018e-19,13.501991230594207,13.49468654916326,-0.0073046814309464326,True,866,2023-05-17 00:00:00+00:00
2023-05-24 15:04:03.004276+00:00,moon,pluto,180.0,opposition,0.0,11.989982543914747,11.979626618360765,-0.010355925553982787,True,873,2023-05-24 00:00:00+00:00
2023-06-01 00:02:21.016520+00:00,moon,pluto,270.0,square_lower,0.0,13.087556480043261,13.074273725142607,-0.013282754900654933,True,881,2023-06-01 00:00:00+00:00
2023-06-07 08:47:59.917262+00:00,moon,pluto,0.0,conjunction,5.551115123125783e-17,14.676573048042084,14.660988206749225,-0.015584841292858477,True,887,2023-06-07 00:00:00+00:00
2023-06-13 18:26:45.412878+00:00,moon,pluto,90.0,square,0.0,13.294452250407629,13.276767196143988,-0.01768505426364087,True,893,2023-06-13 00:00:00+00:00
2023-06-20 21:43:17.058378+00:00,moon,pluto,180.0,opposition,0.0,12.027177152905235,12.007468738434458,-0.01970841447077755,True,900,2023-06-20 00:00:00+00:00
2023-06-28 08:18:43.790826+00:00,moon,pluto,270.0,square_lower,0.0,12.83695396639965,12.815552933519744,-0.02140103287990667,True,908,2023-06-28 00:00:00+00:00
2023-07-04 16:45:27.142658+00:00,moon,pluto,0.0,conjunction,0.0,15.098456969247966,15.07595470986775,-0.022502259380216744,True,914,2023-07-04 00:00:00+00:00
2023-07-10 22:49:33.815185+00:00,moon,pluto,90.0,square,0.0,13.340551850893885,13.317264316053631,-0.023287534840253074,True,920,2023-07-10 00:00:00+00:00
2023-07-18 03:05:58.795033+00:00,moon,pluto,180.0,opposition,0.0,12.010861890851487,11.987082986131941,-0.023778904719545208,True,928,2023-07-18 00:00:00+00:00
2023-07-25 15:05:14.320764+00:00,moon,pluto,270.0,square_lower,0.0,12.522549878591725,12.49875995553782,-0.023789923053906863,True,935,2023-07-25 00:00:00+00:00
2023-08-01 02:12:51.539020+00:00,moon,pluto,0.0,conjunction,0.0,15.23043465339655,15.207030632117231,-0.023404021279319676,True,942,2023-08-01 00:00:00+00:00
2023-08-07 04:12:35.998806+00:00,moon,pluto,90.0,square,0.0,13.682155592335288,13.659419054761818,-0.022736537573471036,True,948,2023-08-07 00:00:00+00:00
2023-08-14 07:46:28.157669+00:00,moon,pluto,180.0,opposition,0.0,11.963571858264002,11.942016102320444,-0.021555755943557707,True,955,2023-08-14 00:00:00+00:00
2023-08-21 20:19:27.464984+00:00,moon,pluto,270.0,square_lower,0.0,12.32433650270756,12.304489176448202,-0.01984732625935743,True,962,2023-08-21 00:00:00+00:00
2023-08-28 11:48:59.966446+00:00,moon,pluto,0.0,conjunction,0.0,14.947893478997386,14.929909053886712,-0.017984425110673483,True,969,2023-08-28 00:00:00+00:00
2023-09-03 11:56:45.716366+00:00,moon,pluto,90.0,square,0.0,14.139800206888989,14.123736411683623,-0.016063795205365116,True,975,2023-09-03 00:00:00+00:00
2023-09-10 12:47:16.151352+00:00,moon,pluto,180.0,opposition,0.0,11.943904218116144,11.930373494027865,-0.013530724088278896,True,982,2023-09-10 00:00:00+00:00
2023-09-18 01:06:18.498007+00:00,moon,pluto,270.0,square_lower,0.0,12.325109035821583,12.314600772772446,-0.010508263049137845,True,990,2023-09-18 00:00:00+00:00
2023-09-24 20:05:24.203813+00:00,moon,pluto,0.0,conjunction,0.0,14.422625963821613,14.4150669170961,-0.007559046725513127,True,996,2023-09-24 00:00:00+00:00
2023-09-30 21:49:30.803466+00:00,moon,pluto,90.0,square,0.0,14.420697135785923,14.415889148720279,-0.004807987065644782,True,1002,2023-09-30 00:00:00+00:00
2023-10-07 19:11:37.085901+00:00,moon,pluto,180.0,opposition,0.0,12.00744371668186,12.005871681306694,-0.0015720353751668458,True,1009,2023-10-07 00:00:00+00:00
2023-10-15 07:01:10.446989+00:00,moon,pluto,270.0,square_lower,0.0,12.45313361782396,12.455188943605233,0.002055325781271969,True,1017,2023-10-15 00:00:00+00:00
2023-10-22 02:32:58.818459+00:00,moon,pluto,0.0,conjunction,5.551115123125783e-17,14.015661836624876,14.021042738201773,0.005380901576896664,True,1024,2023-10-22 00:00:00+00:00
2023-10-28 08:19:41.770666+00:00,moon,pluto,90.0,square,2.7755575615628914e-17,14.336124838364613,14.344509455592231,0.00838461722761819,True,1030,2023-10-28 00:00:00+00:00
2023-11-04 03:27:46.784276+00:00,moon,pluto,180.0,opposition,0.0,12.149220155533778,12.160812923843183,0.01159276830940523,True,1037,2023-11-04 00:00:00+00:00
2023-11-11 15:05:30.104917+00:00,moon,pluto,270.0,square_lower,0.0,12.545461832769481,12.560485041824757,0.015023209055275096,True,1044,2023-11-11 00:00:00+00:00
2023-11-18 08:27:23.530802+00:00,moon,pluto,0.0,conjunction,0.0,14.0094718541584,14.027421836580087,0.017949982421686394,True,1051,2023-11-18 00:00:00+00:00
2023-11-24 17:40:29.224370+00:00,moon,pluto,90.0,square,0.0,13.968861022429268,13.9893953040839,0.020534281654631597,True,1057,2023-11-24 00:00:00+00:00
2023-12-01 13:06:45.662606+00:00,moon,pluto,180.0,opposition,0.0,12.286837717854624,12.309910420023794,0.023072702169170088,True,1064,2023-12-01 00:00:00+00:00
2023-12-09 01:05:14.843654+00:00,moon,pluto,270.0,square_lower,0.0,12.478691263812667,12.50428592103915,0.02559465722648324,True,1072,2023-12-09 00:00:00+00:00
2023-12-15 16:03:36.028384+00:00,moon,pluto,0.0,conjunction,0.0,14.373309290516515,14.400845155744468,0.027535865227953968,True,1078,2023-12-15 00:00:00+00:00
2023-12-22 01:10:44.676189+00:00,moon,pluto,90.0,square,0.0,13.638798534109572,13.667904270211507,0.029105736101934482,True,1085,2023-12-22 00:00:00+00:00
2023-12-28 22:57:15.497059+00:00,moon,pluto,180.0,opposition,0.0,12.32191904801686,12.352398832914616,0.0304797848977567,True,1091,2023-12-28 00:00:00+00:00
2024-01-05 11:40:44.095971+00:00,moon,pluto,270.0,square_lower,0.0,12.27016301879962,12.301761084499848,0.0315980657002288,True,1099,2024-01-05 00:00:00+00:00
2024-01-12 02:33:08.181462+00:00,moon,pluto,0.0,conjunction,0.0,14.772740712818187,14.804965081722397,0.03222436890420991,True,1106,2024-01-12 00:00:00+00:00
2024-01-18 08:02:43.013504+00:00,moon,pluto,90.0,square,0.0,13.659125508232725,13.69159974478862,0.03247423655589469,True,1112,2024-01-18 00:00:00+00:00
2024-01-25 07:52:59.792121+00:00,moon,pluto,180.0,opposition,0.0,12.233807983210099,12.266208127660397,0.032400144450297735,True,1119,2024-01-25 00:00:00+00:00
2024-02-01 21:22:29.392523+00:00,moon,pluto,270.0,square_lower,0.0,12.060840805698277,12.09274935102602,0.031908545327742975,True,1126,2024-02-01 00:00:00+00:00
2024-02-08 14:57:06.703660+00:00,moon,pluto,0.0,conjunction,0.0,14.847241559752645,14.878347016367812,0.031105456615166373,True,1133,2024-02-08 00:00:00+00:00
2024-02-14 16:22:02.974707+00:00,moon,pluto,90.0,square,0.0,14.06301640493703,14.093089673089857,0.03007326815282676,True,1139,2024-02-14 00:00:00+00:00
2024-02-21 15:37:21.564641+00:00,moon,pluto,180.0,opposition,0.0,12.11539989877094,12.143963088625744,0.028563189854804303,True,1146,2024-02-21 00:00:00+00:00
2024-02-29 05:32:35.155928+00:00,moon,pluto,270.0,square_lower,0.0,11.98207380263081,12.00864838962448,0.026574586993669203,True,1154,2024-02-29 00:00:00+00:00
2024-03-07 02:54:26.005593+00:00,moon,pluto,0.0,conjunction,0.0,14.517887691116893,14.542347151194257,0.024459460077362983,True,1161,2024-03-07 00:00:00+00:00
2024-03-13 02:57:23.640618+00:00,moon,pluto,90.0,square,0.0,14.563481015491654,14.585857488245928,0.022376472754273864,True,1167,2024-03-13 00:00:00+00:00
2024-03-19 22:49:21.598711+00:00,moon,pluto,180.0,opposition,0.0,12.104336405937312,12.12412163916665,0.019785233229338842,True,1173,2024-03-19 00:00:00+00:00
2024-03-27 12:37:14.264550+00:00,moon,pluto,270.0,square_lower,0.0,12.044323699936337,12.061019805599262,0.016696105662924485,True,1181,2024-03-27 00:00:00+00:00
2024-04-03 12:23:09.472225+00:00,moon,pluto,0.0,conjunction,0.0,14.033433477459436,14.047097683071687,0.013664205612250555,True,1188,2024-04-03 00:00:00+00:00
2024-04-09 14:35:10.280836+00:00,moon,pluto,90.0,square,0.0,14.8069186243657,14.817807624403804,0.010889000038103464,True,1194,2024-04-09 00:00:00+00:00
2024-04-16 06:22:54.829735+00:00,moon,pluto,180.0,opposition,0.0,12.261726556354628,12.269497583922192,0.007771027567563867,True,1201,2024-04-16 00:00:00+00:00
2024-04-23 19:27:00.162849+00:00,moon,pluto,270.0,square_lower,0.0,12.155481326617487,12.159684545823957,0.00420321920647084,True,1208,2024-04-23 00:00:00+00:00
2024-04-30 19:00:23.737118+00:00,moon,pluto,0.0,conjunction,4.336808689942018e-19,13.733049302506886,13.733943839274367,0.0008945367674812192,True,1215,2024-04-30 00:00:00+00:00
2024-05-07 01:08:17.522050+00:00,moon,pluto,90.0,square,0.0,14.662631390827288,14.660570790084476,-0.0020606007428128634,True,1222,2024-05-07 00:00:00+00:00
2024-05-13 14:34:38.158198+00:00,moon,pluto,180.0,opposition,0.0,12.51444173505192,12.509351586851857,-0.005090148200063394,True,1228,2024-05-13 00:00:00+00:00
2024-05-21 02:33:33.335897+00:00,moon,pluto,270.0,square_lower,0.0,12.2108968864137,12.20250553169082,-0.008391354722880265,True,1236,2024-05-21 00:00:00+00:00
2024-05-28 00:09:36.782050+00:00,moon,pluto,0.0,conjunction,0.0,13.780670412558262,13.769418583251584,-0.011251829306677313,True,1243,2024-05-28 00:00:00+00:00
2024-06-03 09:04:45.576578+00:00,moon,pluto,90.0,square,0.0,14.293538577747496,14.279809470427786,-0.013729107319709317,True,1249,2024-06-03 00:00:00+00:00
2024-06-09 22:50:25.708780+00:00,moon,pluto,180.0,opposition,0.0,12.716333495305568,12.700270775584057,-0.016062719721510587,True,1255,2024-06-09 00:00:00+00:00
2024-06-17 09:54:08.543150+00:00,moon,pluto,270.0,square_lower,0.0,12.160545752590535,12.142174944650506,-0.01837080794002798,True,1263,2024-06-17 00:00:00+00:00
2024-06-24 05:50:18.698763+00:00,moon,pluto,0.0,conjunction,0.0,14.077547695015472,14.057393857389856,-0.020153837625616136,True,1270,2024-06-24 00:00:00+00:00
2024-06-30 14:23:13.988482+00:00,moon,pluto,90.0,square,0.0,14.011880256377651,13.990351663846235,-0.02152859253141661,True,1276,2024-06-30 00:00:00+00:00
2024-07-07 06:16:04.694025+00:00,moon,pluto,180.0,opposition,0.0,12.761602318853031,12.738972250148528,-0.022630068704503736,True,1283,2024-07-07 00:00:00+00:00
2024-07-14 17:01:10.594374+00:00,moon,pluto,270.0,square_lower,0.0,12.029206636719351,12.0058035019208,-0.023403134798551006,True,1290,2024-07-14 00:00:00+00:00
2024-07-21 13:14:29.811526+00:00,moon,pluto,0.0,conjunction,0.0,14.35670622537797,14.333010421553952,-0.023695803824016478,True,1297,2024-07-21 00:00:00+00:00
2024-07-27 18:40:43.674506+00:00,moon,pluto,90.0,square,0.0,14.062267793992875,14.038633879557375,-0.023633914435500294,True,1303,2024-07-27 00:00:00+00:00
2024-08-03 12:18:30.700949+00:00,moon,pluto,180.0,opposition,0.0,12.657167003152264,12.633976742321215,-0.023190260831049057,True,1310,2024-08-03 00:00:00+00:00
2024-08-10 23:26:36.356167+00:00,moon,pluto,270.0,square_lower,0.0,11.894108990991297,11.871886524148351,-0.022222466842945827,True,1317,2024-08-10 00:00:00+00:00
2024-08-17 22:13:20.105764+00:00,moon,pluto,0.0,conjunction,0.0,14.36452989419289,14.343621442372193,-0.02090845182069744,True,1324,2024-08-17 00:00:00+00:00
2024-08-24 00:16:34.401632+00:00,moon,pluto,90.0,square,0.0,14.45594186208578,14.43647089719108,-0.019470964894699624,True,1331,2024-08-24 00:00:00+00:00
2024-08-30 17:13:51.007033+00:00,moon,pluto,180.0,opposition,0.0,12.521161806533957,12.503587577087966,-0.017574229445990106,True,1337,2024-08-30 00:00:00+00:00
2024-09-07 05:08:17.514042+00:00,moon,pluto,270.0,square_lower,0.0,11.826922763447227,11.811848481277885,-0.015074282169342921,True,1345,2024-09-07 00:00:00+00:00
2024-09-14 07:34:47.966297+00:00,moon,pluto,0.0,conjunction,0.0,14.033775965088413,14.021376610507716,-0.012399354580698378,True,1352,2024-09-14 00:00:00+00:00
2024-09-20 08:38:35.421409+00:00,moon,pluto,90.0,square,0.0,14.944610361101727,14.934666213308628,-0.009944147793099642,True,1358,2024-09-20 00:00:00+00:00
2024-09-26 22:12:17.189690+00:00,moon,pluto,180.0,opposition,0.0,12.513676609643822,12.506572181051666,-0.007104428592155184,True,1364,2024-09-26 00:00:00+00:00
2024-10-04 10:40:24.586281+00:00,moon,pluto,270.0,square_lower,0.0,11.837586294100664,11.833932417835786,-0.0036538762648767637,True,1372,2024-10-04 00:00:00+00:00
2024-10-11 15:53:05.435862+00:00,moon,pluto,0.0,conjunction,0.0,13.547800417988066,13.54757852419927,-0.00022189378879545915,True,1379,2024-10-11 00:00:00+00:00
2024-10-17 19:26:28.101037+00:00,moon,pluto,90.0,square,0.0,15.176415414335601,15.179145557981107,0.0027301436455054525,True,1385,2024-10-17 00:00:00+00:00
2024-10-24 04:47:28.005172+00:00,moon,pluto,180.0,opposition,0.0,12.719300330931508,12.725107685381309,0.005807354449800344,True,1392,2024-10-24 00:00:00+00:00
2024-10-31 16:57:07.947463+00:00,moon,pluto,270.0,square_lower,0.0,11.873056575150805,11.88246710753005,0.009410532379246045,True,1399,2024-10-31 00:00:00+00:00
2024-11-07 22:37:32.687979+00:00,moon,pluto,0.0,conjunction,0.0,13.219331227151308,13.232124875320661,0.012793648169353055,True,1406,2024-11-07 00:00:00+00:00
2024-11-14 06:49:55.842461+00:00,moon,pluto,90.0,square,0.0,14.964429872346134,14.980052346883703,0.015622474537567998,True,1413,2024-11-14 00:00:00+00:00
2024-11-20 13:52:20.390705+00:00,moon,pluto,180.0,opposition,0.0,13.050593336975364,13.068882558933236,0.018289221957872595,True,1419,2024-11-20 00:00:00+00:00
2024-11-28 00:40:01.056401+00:00,moon,pluto,270.0,square_lower,0.0,11.874982544229441,11.896233848405094,0.02125130417565293,True,1427,2024-11-28 00:00:00+00:00
2024-12-05 04:56:09.425402+00:00,moon,pluto,0.0,conjunction,0.0,13.240706885800941,13.264547828932287,0.023840943131345927,True,1434,2024-12-05 00:00:00+00:00
2024-12-11 16:43:10.468811+00:00,moon,pluto,90.0,square,0.0,14.467786964001736,14.493693691803529,0.02590672780179267,True,1440,2024-12-11 00:00:00+00:00
2024-12-18 00:49:58.916090+00:00,moon,pluto,180.0,opposition,0.0,13.287553110060454,13.315219934974193,0.02766682491373865,True,1447,2024-12-18 00:00:00+00:00
2024-12-25 09:51:28.587962+00:00,moon,pluto,270.0,square_lower,0.0,11.83467381388431,11.864071387825529,0.02939757394121954,True,1454,2024-12-25 00:00:00+00:00
2025-01-01 12:44:38.513067+00:00,moon,pluto,0.0,conjunction,0.0,13.519157218131028,13.549856264926895,0.03069904679586639,True,1461,2025-01-01 00:00:00+00:00
2025-01-08 00:22:05.608320+00:00,moon,pluto,90.0,square,2.7755575615628914e-17,14.092071582946827,14.123604216366749,0.03153263341992064,True,1468,2025-01-08 00:00:00+00:00
2025-01-14 11:53:13.382476+00:00,moon,pluto,180.0,opposition,0.0,13.265702610543654,13.297745062808495,0.03204245226484103,True,1474,2025-01-14 00:00:00+00:00
2025-01-21 19:50:28.502311+00:00,moon,pluto,270.0,square_lower,0.0,11.789933817261781,11.822169770166973,0.03223595290519072,True,1481,2025-01-21 00:00:00+00:00
2025-01-28 22:55:57.983890+00:00,moon,pluto,0.0,conjunction,0.0,13.762656779883669,13.794704972010727,0.03204819212705883,True,1488,2025-01-28 00:00:00+00:00
2025-02-04 07:12:18.540913+00:00,moon,pluto,90.0,square,0.0,14.151951224853983,14.183468834058264,0.03151760920428132,True,1495,2025-02-04 00:00:00+00:00
2025-02-10 21:20:35.537639+00:00,moon,pluto,180.0,opposition,0.0,13.036206697013913,13.066851114927685,0.030644417913770948,True,1501,2025-02-10 00:00:00+00:00
2025-02-18 05:33:57.158854+00:00,moon,pluto,270.0,square_lower,0.0,11.776414692010968,11.805737431590126,0.029322739579158267,True,1509,2025-02-18 00:00:00+00:00
2025-02-25 10:32:37.457864+00:00,moon,pluto,0.0,conjunction,5.551115123125783e-17,13.73228427406942,13.759947128178478,0.027662854109057836,True,1516,2025-02-25 00:00:00+00:00
2025-03-03 15:27:20.204721+00:00,moon,pluto,90.0,square,0.0,14.601561086869848,14.627502878699012,0.025941791829163806,True,1522,2025-03-03 00:00:00+00:00
2025-03-10 04:47:43.838198+00:00,moon,pluto,180.0,opposition,0.0,12.829346552769213,12.853217006226048,0.023870453456834546,True,1529,2025-03-10 00:00:00+00:00
2025-03-17 14:10:59.077802+00:00,moon,pluto,270.0,square_lower,0.0,11.793393684693388,11.814671717572821,0.021278032879432716,True,1536,2025-03-17 00:00:00+00:00
2025-03-24 21:33:49.804356+00:00,moon,pluto,0.0,conjunction,0.0,13.427534911174837,13.445993207609131,0.018458296434294346,True,1543,2025-03-24 00:00:00+00:00
2025-03-31 01:52:49.941428+00:00,moon,pluto,90.0,square,0.0,15.08859761066393,15.104479741772494,0.01588213110856361,True,1550,2025-03-31 00:00:00+00:00
2025-04-06 11:18:53.179272+00:00,moon,pluto,180.0,opposition,0.0,12.86273370525459,12.875814633285785,0.013080928031194771,True,1556,2025-04-06 00:00:00+00:00
2025-04-13 21:26:41.265474+00:00,moon,pluto,270.0,square_lower,0.0,11.815238253785719,11.824960013540398,0.009721759754679836,True,1563,2025-04-13 00:00:00+00:00
2025-04-21 06:19:36.527602+00:00,moon,pluto,0.0,conjunction,0.0,13.057413392705376,13.063707748272236,0.00629435556686016,True,1571,2025-04-21 00:00:00+00:00
2025-04-27 13:16:11.137211+00:00,moon,pluto,90.0,square,0.0,15.256212947392948,15.259526866371921,0.00331391897897396,True,1577,2025-04-27 00:00:00+00:00
2025-05-03 18:24:44.674662+00:00,moon,pluto,180.0,opposition,0.0,13.168143110962847,13.168513768200025,0.00037065723717826096,True,1583,2025-05-03 00:00:00+00:00
2025-05-11 03:42:23.919221+00:00,moon,pluto,270.0,square_lower,0.0,11.825140324872162,11.822086809939965,-0.003053514932198536,True,1591,2025-05-11 00:00:00+00:00
2025-05-18 12:33:41.132941+00:00,moon,pluto,0.0,conjunction,0.0,12.852505146636483,12.846141253063271,-0.006363893573212305,True,1598,2025-05-18 00:00:00+00:00
2025-05-24 23:36:12.530420+00:00,moon,pluto,90.0,square,5.551115123125783e-17,15.007866270501482,14.998706709279887,-0.009159561221596328,True,1604,2025-05-24 00:00:00+00:00
2025-05-31 02:43:27.994360+00:00,moon,pluto,180.0,opposition,0.0,13.571674490451613,13.56000511763259,-0.011669372819023836,True,1611,2025-05-31 00:00:00+00:00
2025-06-07 09:37:23.901353+00:00,moon,pluto,270.0,square_lower,0.0,11.831252655179869,11.816850231851186,-0.014402423328683639,True,1618,2025-06-07 00:00:00+00:00
2025-06-14 17:26:54.617286+00:00,moon,pluto,0.0,conjunction,0.0,12.894332190252944,12.877472849374877,-0.016859340878066995,True,1625,2025-06-14 00:00:00+00:00
2025-06-21 07:23:51.237980+00:00,moon,pluto,90.0,square,0.0,14.547604067693442,14.528798559259288,-0.018805508434154492,True,1632,2025-06-21 00:00:00+00:00
2025-06-27 11:39:14.551694+00:00,moon,pluto,180.0,opposition,0.0,13.830133592439774,13.809769858976107,-0.020363733463665885,True,1638,2025-06-27 00:00:00+00:00
2025-07-04 15:45:42.311572+00:00,moon,pluto,270.0,square_lower,0.0,11.85292250748624,11.8311314299013,-0.021791077584940012,True,1645,2025-07-04 00:00:00+00:00
2025-07-11 22:41:37.754964+00:00,moon,pluto,0.0,conjunction,0.0,13.081471020017526,13.058646184112728,-0.022824835904798082,True,1652,2025-07-11 00:00:00+00:00
2025-07-18 12:37:46.388338+00:00,moon,pluto,90.0,square,0.0,14.214341716611091,14.190938063512103,-0.023403653098988324,True,1659,2025-07-18 00:00:00+00:00
2025-07-24 19:59:30.741540+00:00,moon,pluto,180.0,opposition,0.0,13.807500184021277,13.783885634329158,-0.02361454969211935,True,1665,2025-07-24 00:00:00+00:00
2025-07-31 22:19:56.309430+00:00,moon,pluto,270.0,square_lower,0.0,11.896394205725192,11.872977093637175,-0.02341711208801768,True,1672,2025-07-31 00:00:00+00:00
2025-08-08 05:25:40.999894+00:00,moon,pluto,0.0,conjunction,0.0,13.217746398056553,13.194982024413891,-0.022764373642662032,True,1680,2025-08-08 00:00:00+00:00
2025-08-14 16:56:36.079715+00:00,moon,pluto,90.0,square,0.0,14.246472264785815,14.22463875135872,-0.02183351342709562,True,1686,2025-08-14 00:00:00+00:00
2025-08-21 02:47:23.339199+00:00,moon,pluto,180.0,opposition,0.0,13.567393743417535,13.546813211231354,-0.020580532186180642,True,1693,2025-08-21 00:00:00+00:00
2025-08-28 05:09:48.384403+00:00,moon,pluto,270.0,square_lower,0.0,11.944119880424976,11.925318859111046,-0.018801021313930563,True,1700,2025-08-28 00:00:00+00:00
2025-09-04 13:40:22.485522+00:00,moon,pluto,0.0,conjunction,0.0,13.145482956389396,13.128902007105676,-0.01658094928371893,True,1707,2025-09-04 00:00:00+00:00
2025-09-10 22:42:38.340845+00:00,moon,pluto,90.0,square,0.0,14.619074943711656,14.604676512411528,-0.014398431300127136,True,1713,2025-09-10 00:00:00+00:00
2025-09-17 08:05:19.237253+00:00,moon,pluto,180.0,opposition,0.0,13.33589422247668,13.323912108332356,-0.011982114144323144,True,1720,2025-09-17 00:00:00+00:00
2025-09-24 11:55:40.630910+00:00,moon,pluto,270.0,square_lower,0.0,11.963999588983869,11.954983752630682,-0.00901583635318747,True,1727,2025-09-24 00:00:00+00:00
2025-10-01 22:28:56.877890+00:00,moon,pluto,0.0,conjunction,0.0,12.856047901313321,12.850326085031888,-0.005721816281433217,True,1734,2025-10-01 00:00:00+00:00
2025-10-08 07:24:03.656527+00:00,moon,pluto,90.0,square,0.0,15.047249680695662,15.044455498667778,-0.002794182027884597,True,1741,2025-10-08 00:00:00+00:00
2025-10-14 13:14:21.109353+00:00,moon,pluto,180.0,opposition,0.0,13.35623603288556,13.356385816126595,0.00014978324103452728,True,1747,2025-10-14 00:00:00+00:00
2025-10-21 18:28:42.162196+00:00,moon,pluto,270.0,square_lower,0.0,11.93291445383872,11.936540810177776,0.003626356339056069,True,1754,2025-10-21 00:00:00+00:00
2025-10-29 06:39:06.712095+00:00,moon,pluto,0.0,conjunction,0.0,12.510191738694976,12.517431818465507,0.007240079770531548,True,1762,2025-10-29 00:00:00+00:00
2025-11-04 18:36:03.214818+00:00,moon,pluto,90.0,square,0.0,15.174374893180971,15.184673410487758,0.010298517306786353,True,1768,2025-11-04 00:00:00+00:00
2025-11-10 20:16:04.981826+00:00,moon,pluto,180.0,opposition,0.0,13.699392130817323,13.712469943381045,0.01307781256372293,True,1774,2025-11-10 00:00:00+00:00
2025-11-18 01:04:59.624213+00:00,moon,pluto,270.0,square_lower,0.0,11.868015730332987,11.884279431832246,0.016263701499259087,True,1782,2025-11-18 00:00:00+00:00
2025-11-25 13:44:51.842257+00:00,moon,pluto,0.0,conjunction,0.0,12.32002235767054,12.339410173439617,0.01938781576907707,True,1789,2025-11-25 00:00:00+00:00
2025-12-02 06:19:54.515215+00:00,moon,pluto,90.0,square,2.7755575615628914e-17,14.854928165081136,14.876855207966235,0.02192704288510018,True,1796,2025-12-02 00:00:00+00:00
2025-12-08 06:17:30.069600+00:00,moon,pluto,180.0,opposition,0.0,14.163499700339832,14.187501348321936,0.024001647982103205,True,1802,2025-12-08 00:00:00+00:00
2025-12-15 08:23:44.195124+00:00,moon,pluto,270.0,square_lower,0.0,11.837290854338496,11.863497271921377,0.026206417582881326,True,1809,2025-12-15 00:00:00+00:00
2025-12-22 20:37:00.488205+00:00,moon,pluto,0.0,conjunction,0.0,12.3660876533561,12.394278628633204,0.02819097527710442,True,1816,2025-12-22 00:00:00+00:00
2025-12-29 16:23:58.180033+00:00,moon,pluto,90.0,square,2.7755575615628914e-17,14.30934327311891,14.338979499419853,0.02963622630094329,True,1823,2025-12-29 00:00:00+00:00
2026-01-04 18:25:13.026165+00:00,moon,pluto,180.0,opposition,0.0,14.409921236157741,14.440559423161277,0.03063818700353591,True,1829,2026-01-04 00:00:00+00:00
2026-01-11 17:02:34.206027+00:00,moon,pluto,270.0,square_lower,0.0,11.907386950264314,11.938853867617011,0.03146691735269716,True,1836,2026-01-11 00:00:00+00:00
2026-01-19 04:35:21.097675+00:00,moon,pluto,0.0,conjunction,0.0,12.534258779875943,12.566203750152408,0.03194497027646396,True,1844,2026-01-19 00:00:00+00:00
2026-01-26 00:06:57.086316+00:00,moon,pluto,90.0,square,0.0,13.95479666661784,13.98677527659224,0.03197860997439983,True,1851,2026-01-26 00:00:00+00:00
2026-02-01 06:21:18.598291+00:00,moon,pluto,180.0,opposition,0.0,14.267001581857937,14.298698274109983,0.03169669225204685,True,1857,2026-02-01 00:00:00+00:00
2026-02-08 02:58:42.625982+00:00,moon,pluto,270.0,square_lower,0.0,12.062131105382704,12.093195393536236,0.031064288153531808,True,1864,2026-02-08 00:00:00+00:00
2026-02-15 14:10:00.104599+00:00,moon,pluto,0.0,conjunction,0.0,12.635492004534,12.665471034885067,0.029979030351068896,True,1871,2026-02-15 00:00:00+00:00
2026-02-22 06:56:18.180241+00:00,moon,pluto,90.0,square,0.0,14.038946958311282,14.067592280947835,0.028645322636552912,True,1878,2026-02-22 00:00:00+00:00
2026-02-28 16:03:54.780304+00:00,moon,pluto,180.0,opposition,0.0,13.891567743797822,13.91865847541099,0.027090731613168304,True,1884,2026-02-28 00:00:00+00:00
2026-03-07 13:13:36.458968+00:00,moon,pluto,270.0,square_lower,0.0,12.2022774457142,12.227425938408421,0.025148492694220728,True,1891,2026-03-07 00:00:00+00:00
2026-03-15 00:34:47.575632+00:00,moon,pluto,0.0,conjunction,0.0,12.565630334926652,12.588358278947654,0.02272794402100119,True,1899,2026-03-15 00:00:00+00:00
2026-03-21 14:55:55.979699+00:00,moon,pluto,90.0,square,0.0,14.445424860170139,14.465752463584087,0.02032760341394737,True,1905,2026-03-21 00:00:00+00:00
2026-03-27 23:11:59.122329+00:00,moon,pluto,180.0,opposition,0.0,13.623698070820636,13.64152834108316,0.01783027026252405,True,1911,2026-03-27 00:00:00+00:00
2026-04-03 22:27:11.430650+00:00,moon,pluto,270.0,square_lower,0.0,12.241035509549251,12.255966889985174,0.014931380435923906,True,1918,2026-04-03 00:00:00+00:00
2026-04-11 10:22:22.272990+00:00,moon,pluto,0.0,conjunction,0.0,12.365321877258692,12.37696703377696,0.011645156518267644,True,1926,2026-04-11 00:00:00+00:00
2026-04-18 00:46:03.020373+00:00,moon,pluto,90.0,square,0.0,14.826105103458469,14.834730213567715,0.008625110109246175,True,1933,2026-04-18 00:00:00+00:00
2026-04-24 05:12:43.236456+00:00,moon,pluto,180.0,opposition,0.0,13.706917674262138,13.712653834639742,0.005736160377603477,True,1939,2026-04-24 00:00:00+00:00
2026-05-01 05:50:41.853795+00:00,moon,pluto,270.0,square_lower,0.0,12.180829750574688,12.183281797664325,0.0024520470896375593,True,1946,2026-05-01 00:00:00+00:00
2026-05-08 18:21:59.291747+00:00,moon,pluto,0.0,conjunction,0.0,12.164776363354948,12.16373108231776,-0.001045281037187953,True,1953,2026-05-08 00:00:00+00:00
2026-05-15 11:24:57.206164+00:00,moon,pluto,90.0,square,0.0,14.882526524632093,14.878400520692495,-0.004126003939598554,True,1960,2026-05-15 00:00:00+00:00
2026-05-21 12:01:28.178450+00:00,moon,pluto,180.0,opposition,0.0,14.115872085454662,14.10906149336472,-0.006810592089940663,True,1966,2026-05-21 00:00:00+00:00
2026-05-28 11:34:03.720931+00:00,moon,pluto,270.0,square_lower,0.0,12.10647898672159,12.096722417381027,-0.009756569340563133,True,1973,2026-05-28 00:00:00+00:00
