pair,aspect,in_window_bars,rate_in,lift,binomial_p,random_p,holdout_in_bars,holdout_lift,bh_significant
mars-neptune,45.0,30,1.0,1.5811350919264588,1.073817983600575e-06,0.004975124378109453,0,,True
sun-pluto,150.0,30,0.9,1.423021582733813,0.001033180501451369,0.004975124378109453,6,1.0737279335410177,True
jupiter-saturn,120.0,69,0.8985507246376812,1.4207300826005862,5.530414060230201e-07,0.004975124378109453,69,1.4471985191205021,True
mars-uranus,60.0,75,0.8933333333333333,1.4124806821209699,3.261362206722815e-07,0.004975124378109453,38,1.44105591080505,True
sun-uranus,45.0,33,0.8787878787878788,1.3894823535111307,0.0016126623503627626,0.004975124378109453,7,0.9203382287494437,True
sun-neptune,90.0,32,0.875,1.3834932054356517,0.0022601461835835756,0.014925373134328358,6,1.3421599169262721,False
sun-saturn,180.0,30,0.8666666666666667,1.3703170796695978,0.004389543186017929,0.009950248756218905,6,1.3421599169262721,False
sun-pluto,0.0,36,0.8611111111111112,1.361532995825562,0.0022914053730317446,0.014925373134328358,12,1.6105919003115265,False
mars-saturn,90.0,34,0.8529411764705882,1.3486152254666854,0.004315399972896111,0.004975124378109453,0,,False
mercury-jupiter,120.0,46,0.8478260869565217,1.34052757793765,0.0011764925795321583,0.009950248756218905,18,1.5211145725164417,True
venus-saturn,90.0,31,0.8387096774193549,1.3261133029060623,0.010804302282446355,0.009950248756218905,10,0.8052959501557633,False
mars-jupiter,45.0,68,0.8382352941176471,1.3253632388207082,0.00016786512506179857,0.004975124378109453,41,1.3356127953802903,True
sun-pluto,45.0,36,0.8333333333333334,1.3176125766053826,0.007447513216235314,0.01990049751243781,12,1.3421599169262721,False
venus-jupiter,90.0,58,0.8275862068965517,1.3085255933184488,0.0009896654841797016,0.004975124378109453,5,1.6105919003115265,True
mercury-neptune,45.0,39,0.8205128205128205,1.2973416138883764,0.009033418886326045,0.01990049751243781,6,0.8052959501557633,False
mars-saturn,150.0,32,0.8125,1.284672262190248,0.02298575035762393,0.024875621890547265,11,1.0249221183800623,False
mars-neptune,135.0,32,0.8125,1.284672262190248,0.02298575035762393,0.024875621890547265,12,0.9395119418483905,False
sun-saturn,0.0,41,0.8048780487804879,1.2726209276481255,0.013790641371387045,0.029850746268656716,13,0.9911334771147856,False
mars-jupiter,120.0,35,0.8,1.2649080735411673,0.026300873821910327,0.03980099502487562,9,1.4316372447213568,False
sun-uranus,135.0,30,0.8,1.2649080735411673,0.039091398891641385,0.03482587064676617,6,1.6105919003115265,False
moon-venus,0.0,30,0.8,1.2649080735411673,0.039091398891641385,0.05472636815920398,9,1.4316372447213568,False
mercury-uranus,90.0,33,0.7878787878787878,1.2457427996996342,0.043452976128310866,0.04477611940298507,3,1.6105919003115265,False
mercury-venus,60.0,56,0.7857142857142857,1.2423204293707892,0.010431684752077536,0.01990049751243781,12,1.2079439252336448,False
mars-saturn,135.0,65,0.7846153846153846,1.2405829182807602,0.006311777975822408,0.009950248756218905,26,1.300862688713156,False
venus-neptune,0.0,54,0.7777777777777778,1.2297717381650237,0.016527608891404304,0.029850746268656716,34,1.2789994502473887,False
mercury-saturn,30.0,40,0.775,1.2253796962430057,0.04056355169152902,0.03980099502487562,7,1.6105919003115265,False
venus-pluto,135.0,31,0.7741935483870968,1.2241045872979037,0.07003967861867597,0.11442786069651742,11,0.5856697819314642,False
sun-neptune,135.0,31,0.7741935483870968,1.2241045872979037,0.07003967861867597,0.1044776119402985,6,0.5368639667705088,False
jupiter-uranus,0.0,35,0.7714285714285715,1.2197327852004112,0.05956927488314053,0.07462686567164178,0,,False
sun-uranus,120.0,30,0.7666666666666667,1.212203570476952,0.08802481000281198,0.13432835820895522,6,1.3421599169262721,False
mercury-neptune,180.0,30,0.7666666666666667,1.212203570476952,0.08802481000281198,0.07960199004975124,3,1.6105919003115265,False
sun-jupiter,90.0,34,0.7647058823529411,1.2091033055908216,0.07448363926434155,0.05970149253731343,7,1.6105919003115265,False
venus-neptune,135.0,50,0.76,1.2016626698641089,0.03935994447158792,0.05472636815920398,5,0.0,False
venus-mars,30.0,58,0.7586206896551724,1.1994817938752447,0.02897258685719252,0.01990049751243781,13,1.3628085310328302,False
moon-venus,135.0,41,0.7560975609756098,1.195492386578542,0.06646147209434744,0.0845771144278607,15,1.1811007268951195,False
mercury-pluto,60.0,35,0.7428571428571429,1.1745574968596553,0.11756958081003349,0.11940298507462686,22,1.2445482866043613,False
sun-jupiter,120.0,31,0.7419354838709677,1.1731002294938244,0.139732062732203,0.1791044776119403,6,0.8052959501557633,False
venus-saturn,0.0,65,0.7384615384615385,1.167607452499539,0.047585871632131155,0.06467661691542288,44,1.134735202492212,False
sun-moon,60.0,34,0.7352941176470589,1.162599332298867,0.14260833341092716,0.11442786069651742,8,1.2079439252336448,False
sun-moon,30.0,30,0.7333333333333333,1.1594990674127366,0.1697809618003623,0.1691542288557214,8,1.2079439252336448,False
venus-jupiter,60.0,30,0.7333333333333333,1.1594990674127366,0.1697809618003623,0.13930348258706468,6,1.6105919003115265,False
mars-pluto,135.0,70,0.7285714285714285,1.1519698526892772,0.05903624809245385,0.06467661691542288,0,,False
moon-pluto,0.0,33,0.7272727272727273,1.1499164304919702,0.17171837046632274,0.23383084577114427,9,1.0737279335410177,False
mercury-venus,30.0,102,0.7254901960784313,1.1470980078682154,0.030514422711114302,0.029850746268656716,23,1.1204117567384533,False
sun-mercury,0.0,164,0.7195121951219512,1.1376459807763546,0.01171776274535941,0.009950248756218905,45,0.8947732779508482,False
sun-moon,90.0,35,0.7142857142857143,1.1293822085188994,0.20520521491316146,0.23383084577114427,10,1.1274143302180686,False
sun-saturn,135.0,31,0.7096774193548387,1.1220958716897451,0.2432338261891962,0.24378109452736318,6,0.5368639667705088,False
mercury-uranus,120.0,31,0.7096774193548387,1.1220958716897451,0.2432338261891962,0.22388059701492538,3,1.6105919003115265,False
venus-pluto,90.0,31,0.7096774193548387,1.1220958716897451,0.2432338261891962,0.1890547263681592,11,0.8785046728971962,False
venus-pluto,45.0,31,0.7096774193548387,1.1220958716897451,0.2432338261891962,0.263681592039801,12,1.4763759086188992,False
jupiter-pluto,135.0,107,0.7009345794392523,1.108272260696116,0.08409305149086548,0.07960199004975124,38,1.0172159370388587,False
saturn-pluto,45.0,303,0.6996699669966997,1.1062727375855093,0.008300027409909379,0.024875621890547265,62,1.1430007034468899,False
mercury-pluto,0.0,43,0.6976744186046512,1.1031175059952039,0.2353082051019867,0.3034825870646766,8,1.6105919003115265,False
moon-mercury,150.0,43,0.6976744186046512,1.1031175059952039,0.2353082051019867,0.208955223880597,12,1.2079439252336448,False
sun-pluto,135.0,33,0.696969696969697,1.1020032458881381,0.2821829331436798,0.2537313432835821,6,1.6105919003115265,False
jupiter-saturn,45.0,168,0.6964285714285714,1.1011476533059268,0.04909671461131953,0.029850746268656716,0,,False
sun-moon,120.0,36,0.6944444444444444,1.0980104805044852,0.2784094455329036,0.27860696517412936,10,0.9663551401869159,False
sun-pluto,90.0,36,0.6944444444444444,1.0980104805044852,0.2784094455329036,0.27860696517412936,12,0.8052959501557633,False
moon-saturn,90.0,32,0.6875,1.0870303756994406,0.32692478699461325,0.2736318407960199,8,1.006619937694704,False
mars-pluto,180.0,67,0.6865671641791045,1.0855554362480166,0.2155350572005609,0.18407960199004975,23,1.1204117567384533,False
mercury-mars,120.0,35,0.6857142857142857,1.0842069201781432,0.32095099282351325,0.3383084577114428,0,,False
uranus-pluto,120.0,199,0.6834170854271356,1.0805747361909468,0.07708559376160916,0.0845771144278607,149,1.134980869347049,False
uranus-neptune,60.0,409,0.6821515892420538,1.0785738157640148,0.020221456381525754,0.024875621890547265,270,1.037937002422984,False
venus-uranus,90.0,50,0.68,1.0751718625099922,0.29433926153479595,0.32338308457711445,5,1.2884735202492212,False
mercury-jupiter,180.0,50,0.68,1.0751718625099922,0.29433926153479595,0.263681592039801,4,1.6105919003115265,False
mercury-saturn,45.0,31,0.6774193548387096,1.0710915138856656,0.37556054119568294,0.3681592039800995,6,0.5368639667705088,False
mercury-neptune,30.0,34,0.6764705882352942,1.0695913857149575,0.3670748327910779,0.3283582089552239,7,1.6105919003115265,False
moon-neptune,60.0,34,0.6764705882352942,1.0695913857149575,0.3670748327910779,0.3781094527363184,9,1.0737279335410177,False
moon-jupiter,150.0,34,0.6764705882352942,1.0695913857149575,0.3670748327910779,0.31840796019900497,7,1.1504227859368048,False
mars-neptune,120.0,68,0.6764705882352942,1.0695913857149575,0.26772373446768294,0.26865671641791045,31,1.246909858305698,False
jupiter-saturn,60.0,122,0.6721311475409836,1.0627301437538494,0.20838379132314502,0.24378109452736318,0,,False
jupiter-saturn,90.0,94,0.6702127659574468,1.059696923312414,0.2589923761551399,0.2885572139303483,43,1.011301890893284,False
moon-uranus,120.0,33,0.6666666666666666,1.0540900612843058,0.41640849469648034,0.48258706467661694,8,1.006619937694704,False
moon-jupiter,120.0,39,0.6666666666666666,1.0540900612843058,0.3963914601076315,0.43283582089552236,11,1.0249221183800623,False
moon-uranus,60.0,35,0.6571428571428571,1.0390316318373873,0.45547885939557686,0.417910447761194,9,0.7158186223606784,False
moon-uranus,45.0,35,0.6571428571428571,1.0390316318373873,0.45547885939557686,0.5124378109452736,10,0.8052959501557633,False
moon-neptune,45.0,35,0.6571428571428571,1.0390316318373873,0.45547885939557686,0.43781094527363185,9,1.0737279335410177,False
sun-moon,135.0,32,0.65625,1.0376199040767387,0.46841061739772516,0.42786069651741293,9,0.8947732779508482,False
sun-moon,45.0,32,0.65625,1.0376199040767387,0.46841061739772516,0.527363184079602,9,1.2526825891311872,False
moon-mercury,120.0,37,0.6486486486486487,1.0256011407090546,0.4926326232754512,0.48756218905472637,15,1.1811007268951195,False
moon-saturn,180.0,34,0.6470588235294118,1.023087412423003,0.5068535415230511,0.5074626865671642,9,0.8947732779508482,False
moon-mercury,135.0,34,0.6470588235294118,1.023087412423003,0.5068535415230511,0.5074626865671642,13,1.238916846393482,False
mercury-neptune,150.0,34,0.6470588235294118,1.023087412423003,0.5068535415230511,0.4527363184079602,3,1.6105919003115265,False
moon-neptune,120.0,34,0.6470588235294118,1.023087412423003,0.5068535415230511,0.4925373134328358,9,0.8947732779508482,False
moon-venus,120.0,45,0.6444444444444445,1.0189537259081625,0.5006493800583944,0.5323383084577115,12,0.9395119418483905,False
moon-mars,60.0,39,0.6410256410256411,1.0135481358502942,0.5277990158083374,0.5223880597014925,9,0.8947732779508482,False
neptune-pluto,60.0,922,0.6409978308026031,1.0135041641307345,0.30802727590555284,0.24875621890547264,305,0.9029875900107247,False
moon-jupiter,60.0,36,0.6388888888888888,1.0101696420641264,0.5429580713793782,0.527363184079602,9,1.0737279335410177,False
saturn-neptune,0.0,234,0.6367521367521367,1.0067911482779588,0.47508954558066707,0.472636815920398,234,1.025547833959049,False
venus-pluto,0.0,63,0.6349206349206349,1.0038952964612438,0.5404221913608118,0.5024875621890548,5,1.6105919003115265,False
venus-uranus,30.0,30,0.6333333333333333,1.0013855582200906,0.5774113640931983,0.6069651741293532,10,0.6442367601246106,False
venus-pluto,120.0,30,0.6333333333333333,1.0013855582200906,0.5774113640931983,0.5671641791044776,11,0.5856697819314642,False
mercury-mars,45.0,57,0.631578947368421,0.9986116370061845,0.5646710243249156,0.572139303482587,5,0.0,False
mercury-saturn,0.0,35,0.6285714285714286,0.9938563434966313,0.5937953112772392,0.6119402985074627,19,0.8476799475323823,False
moon-neptune,150.0,35,0.6285714285714286,0.9938563434966313,0.5937953112772392,0.5771144278606966,7,1.1504227859368048,False
moon-jupiter,45.0,32,0.625,0.9882094324540368,0.6122997842485316,0.6865671641791045,10,1.1274143302180686,False
sun-uranus,90.0,32,0.625,0.9882094324540368,0.6122997842485316,0.5870646766169154,6,0.0,False
mercury-saturn,90.0,32,0.625,0.9882094324540368,0.6122997842485316,0.6069651741293532,4,1.6105919003115265,False
moon-pluto,30.0,32,0.625,0.9882094324540368,0.6122997842485316,0.6069651741293532,10,0.9663551401869159,False
moon-pluto,60.0,32,0.625,0.9882094324540368,0.6122997842485316,0.5920398009950248,10,1.1274143302180686,False
moon-neptune,135.0,40,0.625,0.9882094324540368,0.6082955552374015,0.6019900497512438,9,0.8947732779508482,False
mercury-venus,0.0,110,0.6181818181818182,0.9774289659181746,0.6614560515884405,0.6616915422885572,45,1.4674281758393908,False
mercury-jupiter,0.0,34,0.6176470588235294,0.9765834391310482,0.6443202246355879,0.6965174129353234,3,1.6105919003115265,False
moon-neptune,180.0,34,0.6176470588235294,0.9765834391310482,0.6443202246355879,0.6218905472636815,8,0.8052959501557633,False
moon-saturn,30.0,34,0.6176470588235294,0.9765834391310482,0.6443202246355879,0.6965174129353234,9,1.2526825891311872,False
moon-jupiter,30.0,34,0.6176470588235294,0.9765834391310482,0.6443202246355879,0.6567164179104478,8,1.006619937694704,False
moon-jupiter,90.0,34,0.6176470588235294,0.9765834391310482,0.6443202246355879,0.6368159203980099,7,0.6902536715620827,False
sun-mars,0.0,62,0.6129032258064516,0.9690827982775071,0.6771982797301392,0.6567164179104478,24,1.3421599169262721,False
moon-pluto,120.0,31,0.6129032258064516,0.9690827982775071,0.6645616868766974,0.681592039800995,7,0.9203382287494437,False
venus-jupiter,0.0,31,0.6129032258064516,0.9690827982775071,0.6645616868766974,0.6865671641791045,6,1.3421599169262721,False
moon-saturn,120.0,31,0.6129032258064516,0.9690827982775071,0.6645616868766974,0.6567164179104478,9,0.8947732779508482,False
moon-saturn,60.0,31,0.6129032258064516,0.9690827982775071,0.6645616868766974,0.6567164179104478,7,0.9203382287494437,False
mars-uranus,45.0,36,0.6111111111111112,0.9662492228439472,0.673682402545306,0.6865671641791045,0,,False
moon-venus,30.0,41,0.6097560975609756,0.9641067633697921,0.6822603987218933,0.6567164179104478,9,0.8947732779508482,False
mercury-mars,0.0,69,0.6086956521739131,0.9624300559552359,0.7059839357125035,0.6716417910447762,35,1.1504227859368048,False
moon-jupiter,0.0,33,0.6060606060606061,0.9582636920766419,0.6936620182848827,0.6915422885572139,9,1.0737279335410177,False
saturn-pluto,30.0,142,0.6056338028169014,0.9575888584906723,0.7743326966461577,0.746268656716418,0,,False
moon-mars,120.0,38,0.6052631578947368,0.9570028187975935,0.7005915306147632,0.7412935323383084,8,0.8052959501557633,False
moon-uranus,180.0,35,0.6,0.9486810551558753,0.7201075946731116,0.6666666666666666,8,1.006619937694704,False
mars-neptune,150.0,30,0.6,0.9486810551558753,0.715207797718907,0.6567164179104478,11,1.0249221183800623,False
sun-moon,180.0,30,0.6,0.9486810551558753,0.715207797718907,0.7412935323383084,7,1.1504227859368048,False
mars-uranus,0.0,30,0.6,0.9486810551558753,0.715207797718907,0.7263681592039801,0,,False
moon-mercury,45.0,30,0.6,0.9486810551558753,0.715207797718907,0.7164179104477612,8,0.6039719626168224,False
sun-saturn,150.0,30,0.6,0.9486810551558753,0.715207797718907,0.6965174129353234,6,0.0,False
mercury-pluto,45.0,37,0.5945945945945946,0.9401343789833,0.7441510561572995,0.7213930348258707,24,0.8052959501557633,False
moon-pluto,45.0,32,0.59375,0.938798960831335,0.7409444676409396,0.7860696517412935,9,0.8947732779508482,False
mercury-uranus,135.0,32,0.59375,0.938798960831335,0.7409444676409396,0.8258706467661692,3,1.6105919003115265,False
moon-jupiter,180.0,32,0.59375,0.938798960831335,0.7409444676409396,0.736318407960199,10,0.9663551401869159,False
uranus-neptune,45.0,98,0.5918367346938775,0.9357738299156594,0.8263683405772683,0.8258706467661692,0,,False
sun-jupiter,45.0,39,0.5897435897435898,0.9324642849822707,0.7660216596984681,0.7562189054726368,8,0.0,False
sun-jupiter,0.0,39,0.5897435897435898,0.9324642849822707,0.7660216596984681,0.6915422885572139,8,1.006619937694704,False
sun-neptune,45.0,39,0.5897435897435898,0.9324642849822707,0.7660216596984681,0.7412935323383084,13,1.1150251617541338,False
moon-uranus,30.0,34,0.5882352941176471,0.9300794658390935,0.7641502949267321,0.7960199004975125,8,0.8052959501557633,False
moon-saturn,135.0,34,0.5882352941176471,0.9300794658390935,0.7641502949267321,0.7562189054726368,9,0.7158186223606784,False
sun-moon,0.0,34,0.5882352941176471,0.9300794658390935,0.7641502949267321,0.746268656716418,9,0.7158186223606784,False
mars-neptune,90.0,92,0.5869565217391305,0.9280575539568346,0.8445242967820434,0.8557213930348259,0,,False
venus-pluto,60.0,53,0.5849056603773585,0.9248148650890609,0.8060792773298254,0.8109452736318408,32,1.0569509345794392,False
moon-uranus,90.0,36,0.5833333333333334,0.9223288036237678,0.7851028636520392,0.7960199004975125,10,1.2884735202492212,False
moon-saturn,150.0,36,0.5833333333333334,0.9223288036237678,0.7851028636520392,0.8109452736318408,8,1.006619937694704,False
moon-mercury,60.0,36,0.5833333333333334,0.9223288036237678,0.7851028636520392,0.8258706467661692,11,0.4392523364485981,False
moon-jupiter,135.0,36,0.5833333333333334,0.9223288036237678,0.7851028636520392,0.8507462686567164,7,0.6902536715620827,False
sun-pluto,60.0,36,0.5833333333333334,0.9223288036237678,0.7851028636520392,0.7910447761194029,12,1.2079439252336448,False
venus-mars,0.0,79,0.5822784810126582,0.9206609396027482,0.8510902732265686,0.8507462686567164,13,1.6105919003115265,False
sun-saturn,90.0,31,0.5806451612903226,0.9180784404734278,0.785333181961966,0.7860696517412935,7,1.3805073431241655,False
venus-saturn,45.0,31,0.5806451612903226,0.9180784404734278,0.785333181961966,0.7910447761194029,11,0.8785046728971962,False
venus-mars,60.0,68,0.5735294117647058,0.9068274791931161,0.8709991173975755,0.8756218905472637,14,0.0,False
mercury-uranus,150.0,35,0.5714285714285714,0.9035057668151194,0.8228738952648933,0.8308457711442786,4,1.6105919003115265,False
moon-mercury,0.0,35,0.5714285714285714,0.9035057668151194,0.8228738952648933,0.845771144278607,8,0.8052959501557633,False
sun-mars,45.0,53,0.5660377358490566,0.8949821275055427,0.8733439873294055,0.8855721393034826,0,,False
mars-pluto,150.0,69,0.5652173913043478,0.8936850519584333,0.8992955015601783,0.9104477611940298,0,,False
jupiter-pluto,60.0,78,0.5641025641025641,0.8919223595482589,0.9134235740014303,0.9253731343283582,0,,False
sun-neptune,0.0,39,0.5641025641025641,0.8919223595482589,0.8532526019992293,0.8507462686567164,13,0.4955667385573928,False
venus-neptune,30.0,32,0.5625,0.8893884892086331,0.842404386089,0.8059701492537313,11,1.3177570093457944,False
moon-neptune,0.0,32,0.5625,0.8893884892086331,0.842404386089,0.7910447761194029,7,1.1504227859368048,False
sun-jupiter,30.0,41,0.5609756097560976,0.8869782223002087,0.8662521055964908,0.8805970149253731,8,1.2079439252336448,False
sun-venus,45.0,214,0.5607476635514018,0.8866178085568928,0.986978095239735,0.9950248756218906,67,0.9615474031710606,False
mars-uranus,90.0,34,0.5588235294117647,0.8835754925471389,0.857000240145663,0.835820895522388,12,0.8052959501557633,False
jupiter-neptune,45.0,147,0.5578231292517006,0.8819937247480927,0.9740914715797525,0.9850746268656716,0,,False
jupiter-uranus,30.0,36,0.5555555555555556,0.8784083844035884,0.8700876847809608,0.8656716417910447,36,0.8947732779508482,False
moon-mars,30.0,31,0.5483870967741935,0.8670740826693484,0.8755704655457177,0.8905472636815921,12,0.9395119418483905,False
moon-neptune,90.0,33,0.5454545454545454,0.8624373228689776,0.8871534421325228,0.9154228855721394,8,1.006619937694704,False
venus-neptune,150.0,57,0.543859649122807,0.8599155763108812,0.9347692886132444,0.9552238805970149,5,1.2884735202492212,False
venus-mars,45.0,57,0.543859649122807,0.8599155763108812,0.9347692886132444,0.9402985074626866,14,0.0,False
moon-uranus,135.0,35,0.5428571428571428,0.8583304784743634,0.8975252746915773,0.8407960199004975,11,0.5856697819314642,False
moon-pluto,150.0,35,0.5428571428571428,0.8583304784743634,0.8975252746915773,0.8855721393034826,8,1.006619937694704,False
jupiter-pluto,30.0,167,0.5389221556886228,0.852108732175936,0.9946982520943184,1.0,0,,False
sun-jupiter,60.0,39,0.5384615384615384,0.8513804341142471,0.9152106662659658,0.9253731343283582,7,0.23008455718736093,False
sun-neptune,30.0,39,0.5384615384615384,0.8513804341142471,0.9152106662659658,0.9402985074626866,13,0.619458423196741,False
sun-mars,30.0,65,0.5384615384615384,0.8513804341142471,0.9538971836451211,0.9651741293532339,18,0.0,False
moon-pluto,180.0,32,0.53125,0.8399780175859313,0.9131586889299976,0.9154228855721394,8,0.6039719626168224,False
mars-saturn,120.0,117,0.5299145299145299,0.8378664589695766,0.9910000835349017,0.9850746268656716,51,0.8526663001649258,False
sun-saturn,30.0,40,0.525,0.830095923261391,0.9403799964548932,0.9203980099502488,14,0.11504227859368046,False
mercury-venus,45.0,42,0.5238095238095238,0.8282136195805262,0.9456051520836681,0.945273631840796,7,0.0,False
sun-venus,30.0,96,0.5208333333333334,0.8235078603783641,0.9904070316809269,0.9950248756218906,31,0.5715003517234449,False
mars-uranus,30.0,73,0.5205479452054794,0.823056623194595,0.9811127880466998,0.9800995024875622,0,,False
mars-jupiter,90.0,52,0.5192307692307693,0.8209739900387384,0.9652580086372364,0.9701492537313433,13,0.7433501078360892,False
sun-pluto,180.0,31,0.5161290322580645,0.8160697248652691,0.9350025245817735,0.9402985074626866,6,0.0,False
mercury-saturn,135.0,31,0.5161290322580645,0.8160697248652691,0.9350025245817735,0.9601990049751243,17,0.8526663001649258,False
moon-venus,60.0,33,0.5151515151515151,0.8145241382651455,0.9407892636523146,0.9203980099502488,8,0.8052959501557633,False
moon-saturn,45.0,35,0.5142857142857142,0.8131551901336074,0.9460116387307359,0.9502487562189055,9,0.8947732779508482,False
moon-pluto,135.0,37,0.5135135135135135,0.8119342363946681,0.9507326250422427,0.9751243781094527,8,0.8052959501557633,False
mercury-neptune,0.0,39,0.5128205128205128,0.8108385086802353,0.9550067774679629,0.9502487562189055,27,0.8947732779508482,False
sun-venus,0.0,104,0.5,0.7905675459632294,0.9978556449801614,0.9850746268656716,28,1.2079439252336448,False
sun-moon,150.0,30,0.5,0.7905675459632294,0.9528286175321203,0.9502487562189055,8,0.40264797507788164,False
moon-uranus,150.0,34,0.5,0.7905675459632294,0.9605027329368894,0.9552238805970149,11,0.8785046728971962,False
saturn-pluto,60.0,168,0.5,0.7905675459632294,0.9998276333047542,1.0,168,0.8052959501557633,False
sun-mars,60.0,50,0.5,0.7905675459632294,0.9802525244608908,0.9900497512437811,0,,False
moon-mars,150.0,36,0.5,0.7905675459632294,0.9638324611050879,0.9601990049751243,10,0.6442367601246106,False
moon-mars,0.0,38,0.5,0.7905675459632294,0.9668667347713927,0.9701492537313433,11,0.5856697819314642,False
moon-mercury,30.0,32,0.5,0.7905675459632294,0.9568463602335493,0.9701492537313433,7,0.46016911437472185,False
venus-uranus,0.0,32,0.5,0.7905675459632294,0.9568463602335493,0.9751243781094527,11,0.14641744548286606,False
mercury-pluto,30.0,37,0.4864864864864865,0.7692008555317909,0.9762428321119939,0.9701492537313433,7,0.46016911437472185,False
mercury-mars,60.0,31,0.4838709677419355,0.7650653670611899,0.9695405796730704,0.9601990049751243,0,,False
sun-neptune,120.0,31,0.4838709677419355,0.7650653670611899,0.9695405796730704,0.9900497512437811,6,0.0,False
jupiter-uranus,45.0,94,0.4787234042553192,0.7569263737945815,0.9991557681548587,1.0,94,0.7710280373831776,False
sun-neptune,60.0,38,0.47368421052631576,0.7489587277546385,0.984681319718535,0.9850746268656716,13,0.7433501078360892,False
venus-saturn,30.0,36,0.4722222222222222,0.74664712674305,0.9834549342079336,0.9850746268656716,13,0.8672417924754373,False
venus-pluto,30.0,32,0.46875,0.7411570743405277,0.9807413615314715,0.9900497512437811,11,0.7320872274143302,False
mercury-neptune,135.0,30,0.4666666666666667,0.7378630428990142,0.979252487328123,0.9800995024875622,16,0.8052959501557633,False
sun-saturn,45.0,41,0.4634146341463415,0.732721140161042,0.9909636125032408,0.9900497512437811,14,0.23008455718736093,False
mercury-neptune,90.0,41,0.4634146341463415,0.732721140161042,0.9909636125032408,0.9950248756218906,3,1.6105919003115265,False
sun-uranus,60.0,33,0.45454545454545453,0.7186977690574813,0.9880600613728894,0.9850746268656716,7,0.23008455718736093,False
sun-saturn,120.0,31,0.45161290322580644,0.7140610092571105,0.9872505289264016,0.9651741293532339,6,0.0,False
sun-uranus,30.0,33,0.42424242424242425,0.6707845844536493,0.9954471171133689,1.0,7,1.1504227859368048,False
jupiter-neptune,0.0,31,0.41935483870967744,0.6630566514530312,0.995255319027672,0.9900497512437811,0,,False
venus-neptune,60.0,31,0.41935483870967744,0.6630566514530312,0.995255319027672,0.9950248756218906,11,0.4392523364485981,False
sun-pluto,120.0,36,0.4166666666666667,0.6588062883026913,0.997439427996777,1.0,12,0.5368639667705088,False
sun-uranus,0.0,39,0.41025641025641024,0.6486708069441882,0.9985587203715091,1.0,13,0.4955667385573928,False
mercury-neptune,60.0,37,0.40540540540540543,0.6410007129431591,0.9985149127557686,1.0,6,0.0,False
jupiter-saturn,30.0,42,0.40476190476190477,0.6399832514940429,0.9991880515907965,1.0,0,,False
sun-neptune,150.0,30,0.4,0.6324540367705836,0.9972061008859815,1.0,6,0.0,False
moon-venus,45.0,38,0.39473684210526316,0.6241322731288654,0.99915080901752,1.0,9,0.7158186223606784,False
sun-saturn,60.0,36,0.3888888888888889,0.6148858690825119,0.9991399146900507,1.0,9,0.8947732779508482,False
venus-neptune,90.0,31,0.3870967741935484,0.6120522936489519,0.9984381736385981,0.9900497512437811,10,0.8052959501557633,False
venus-neptune,45.0,31,0.3870967741935484,0.6120522936489519,0.9984381736385981,1.0,11,0.8785046728971962,False
mercury-mars,30.0,44,0.38636363636363635,0.6108931036988591,0.999733938035143,1.0,11,0.5856697819314642,False
mercury-pluto,120.0,49,0.3673469387755102,0.5808251358097196,0.9999533699239501,1.0,6,0.0,False
sun-pluto,30.0,37,0.35135135135135137,0.5555339512174046,0.9998611895418678,1.0,13,0.7433501078360892,False
mercury-jupiter,60.0,38,0.3157894736842105,0.49930581850309225,0.9999816598513395,1.0,3,0.0,False
venus-saturn,60.0,32,0.3125,0.4941047162270184,0.9999422419752307,1.0,11,0.7320872274143302,False
mercury-saturn,60.0,38,0.2894736842105263,0.4576970002945013,0.9999959501907776,1.0,6,0.2684319833852544,False
mercury-jupiter,30.0,33,0.21212121212121213,0.33539229222682465,0.9999998520791649,1.0,19,0.16953598950647647,False
