week,bars,weekly_range_pct,low_price,high_price,low_first,low_dow,low_hour,low_slot15,low_frac,high_dow,high_hour,high_slot15,high_frac,retest_low,retest_high,retest_low_dow,retest_low_bars_after,retest_high_dow,retest_high_bars_after
2021-01-04/2021-01-10,672,0.5077176521147441,27923.0,42100.0,True,0,10,41,0.06101190476190476,4,15,444,0.6607142857142857,False,False,,,,
2021-01-11/2021-01-17,672,0.31711966345679826,30427.0,40076.0,True,0,16,66,0.09821428571428571,3,15,350,0.5208333333333334,True,False,0.0,12.0,,
2021-01-18/2021-01-24,672,0.31149808912791604,28913.5,37920.0,False,4,1,389,0.5788690476190477,1,16,160,0.23809523809523808,False,False,,,,
2021-01-25/2021-01-31,672,0.31971441259864036,29273.0,38632.0,True,2,14,251,0.37351190476190477,4,13,439,0.6532738095238095,True,False,2.0,33.0,,
2021-02-01/2021-02-07,672,0.2660575986643788,32344.5,40950.0,True,0,0,1,0.001488095238095238,5,16,544,0.8095238095238095,True,False,0.0,62.0,,
2021-02-08/2021-02-14,672,0.30931925067654553,38061.0,49834.0,True,0,4,16,0.023809523809523808,6,12,625,0.9300595238095238,False,False,,,,
2021-02-15/2021-02-21,672,0.2775280284386109,45712.5,58399.0,True,0,2,9,0.013392857142857142,6,19,652,0.9702380952380952,False,False,,,,
2021-02-22/2021-02-28,672,0.3360259981429898,43080.0,57556.0,False,6,16,640,0.9523809523809523,0,0,0,0.0,False,False,,,,
2021-03-01/2021-03-07,672,0.16981970966809684,44983.0,52622.0,True,0,0,0,0.0,2,13,244,0.3630952380952381,False,False,,,,
2021-03-08/2021-03-14,672,0.25421686746987954,49385.0,61939.5,True,0,8,33,0.049107142857142856,5,20,562,0.8363095238095238,False,False,,,,
2021-03-15/2021-03-21,672,0.13729016786570744,53376.0,60704.0,False,1,1,100,0.1488095238095238,0,4,16,0.023809523809523808,False,True,,,3.0,338.0
2021-03-22/2021-03-28,672,0.1563935529859021,50504.0,58402.5,False,3,13,341,0.5074404761904762,0,10,41,0.06101190476190476,True,False,3.0,41.0,,
2021-03-29/2021-04-04,672,0.09624404610406137,55006.0,60300.0,True,0,5,22,0.03273809523809524,4,2,394,0.5863095238095238,False,True,,,5.0,118.0
2021-04-05/2021-04-11,672,0.11049788421716035,55535.0,61671.5,True,2,19,269,0.40029761904761907,5,4,497,0.7395833333333334,False,False,,,,
2021-04-12/2021-04-18,672,0.286009900990099,50500.0,64943.5,False,6,3,590,0.8779761904761905,2,6,216,0.32142857142857145,False,False,,,,
2021-04-19/2021-04-25,672,0.2215487356175163,47019.0,57436.0,False,6,21,663,0.9866071428571429,0,8,32,0.047619047619047616,False,True,,,0.0,54.0
2021-04-26/2021-05-02,672,0.19940274613632167,48723.0,58438.5,True,0,0,0,0.0,5,5,501,0.7455357142857143,False,False,,,,
2021-05-03/2021-05-09,672,0.12461741923294918,52930.0,59526.0,True,2,0,192,0.2857142857142857,5,20,562,0.8363095238095238,False,False,,,,
2021-05-10/2021-05-16,672,0.3576213260423787,43890.0,59586.0,False,6,20,659,0.9806547619047619,0,4,16,0.023809523809523808,False,False,,,,
2021-05-17/2021-05-23,672,0.6190062845040103,28801.0,46629.0,False,2,13,244,0.3630952380952381,0,0,0,0.0,False,True,,,0.0,83.0
2021-05-24/2021-05-30,672,0.22514988009592327,33360.0,40871.0,False,6,0,578,0.8601190476190477,2,8,224,0.3333333333333333,False,True,,,3.0,117.0
2021-05-31/2021-06-06,672,0.1540093338990242,34176.5,39440.0,True,0,4,18,0.026785714285714284,3,10,329,0.4895833333333333,False,False,,,,
2021-06-07/2021-06-13,672,0.2708844415752098,30980.0,39372.0,True,1,15,157,0.23363095238095238,6,20,659,0.9806547619047619,False,False,,,,
2021-06-14/2021-06-20,672,0.23882656428100066,33338.0,41300.0,False,6,12,625,0.9300595238095238,1,18,168,0.25,False,False,,,,
2021-06-21/2021-06-27,672,0.24200667269062348,28774.0,35737.5,False,1,13,151,0.22470238095238096,0,0,0,0.0,False,True,,,3.0,360.0
2021-06-28/2021-07-04,672,0.11861140847224347,32695.0,36573.0,False,4,5,407,0.6056547619047619,1,17,166,0.24702380952380953,True,False,4.0,58.0,,
2021-07-05/2021-07-11,672,0.09984729969771573,32089.0,35293.0,False,3,11,332,0.49404761904761907,0,0,0,0.0,True,True,3.0,10.0,1.0,131.0
2021-07-12/2021-07-18,672,0.11476043276661514,31056.0,34620.0,False,4,11,431,0.6413690476190477,0,4,17,0.025297619047619048,True,False,4.0,47.0,,
2021-07-19/2021-07-25,672,0.2081646596635067,29272.5,35366.0,True,1,9,135,0.20089285714285715,6,23,671,0.9985119047619048,False,False,,,,
2021-07-26/2021-08-01,672,0.2111046354603477,35174.5,42600.0,True,0,0,0,0.0,6,3,591,0.8794642857142857,False,False,,,,
2021-08-02/2021-08-08,672,0.2156192162227408,37281.0,45319.5,True,3,12,339,0.5044642857142857,6,6,602,0.8958333333333334,False,True,,,6.0,63.0
2021-08-09/2021-08-15,672,0.12804906542056074,42800.0,48280.5,True,0,1,5,0.00744047619047619,5,9,518,0.7708333333333334,False,True,,,5.0,1.0
2021-08-16/2021-08-22,672,0.1318181818181818,44000.0,49800.0,True,3,4,305,0.4538690476190476,5,17,551,0.8199404761904762,False,True,,,6.0,116.0
2021-08-23/2021-08-29,672,0.09049676025917927,46300.0,50490.0,False,3,12,336,0.5,0,10,41,0.06101190476190476,True,False,3.0,1.0,,
2021-08-30/2021-09-05,672,0.11322314049586776,46585.0,51859.5,True,2,1,196,0.2916666666666667,6,21,660,0.9821428571428571,False,False,,,,
2021-09-06/2021-09-12,672,0.24871249704701157,42330.0,52858.0,False,1,15,156,0.23214285714285715,1,3,109,0.16220238095238096,False,False,,,,
2021-09-13/2021-09-19,672,0.12964270419796525,43199.5,48800.0,True,0,14,57,0.08482142857142858,5,5,503,0.7485119047619048,False,False,,,,
2021-09-20/2021-09-26,672,0.1979251012145749,39520.0,47342.0,False,1,21,181,0.2693452380952381,0,0,0,0.0,True,False,1.0,9.0,,
2021-09-27/2021-10-03,672,0.2118541070748984,40728.5,49357.0,True,2,0,193,0.28720238095238093,6,17,647,0.9627976190476191,False,False,,,,
2021-10-04/2021-10-10,672,0.20816587601940195,46902.5,56666.0,True,0,15,60,0.08928571428571429,6,20,657,0.9776785714285714,False,False,,,,
2021-10-11/2021-10-17,672,0.18810055865921788,53700.0,63801.0,True,1,20,176,0.2619047619047619,4,20,465,0.6919642857142857,True,False,2.0,46.0,,
2021-10-18/2021-10-24,672,0.13041576964477933,59456.0,67210.0,False,6,16,640,0.9523809523809523,2,14,251,0.37351190476190477,False,True,,,3.0,73.0
2021-10-25/2021-10-31,672,0.10916730461409979,57476.0,63750.5,False,3,18,362,0.5386904761904762,0,16,67,0.09970238095238096,False,False,,,,
2021-11-01/2021-11-07,672,0.08099219433416324,59444.0,64258.5,True,0,4,16,0.023809523809523808,1,15,159,0.23660714285714285,False,False,,,,
2021-11-08/2021-11-14,672,0.10887730553327987,62350.0,69138.5,False,4,16,450,0.6696428571428571,2,14,249,0.3705357142857143,False,False,,,,
2021-11-15/2021-11-21,672,0.19253397526295463,55665.5,66383.0,False,4,3,399,0.59375,0,9,36,0.05357142857142857,False,False,,,,
2021-11-22/2021-11-28,672,0.12367757238055796,53122.0,59692.0,False,6,18,650,0.9672619047619048,0,13,54,0.08035714285714286,False,True,,,3.0,294.0
2021-11-29/2021-12-05,672,0.4499497905900218,40829.0,59200.0,False,5,5,501,0.7455357142857143,1,15,158,0.23511904761904762,False,False,,,,
2021-12-06/2021-12-12,672,0.11066310160427807,46750.0,51923.5,False,4,23,479,0.7127976190476191,1,15,159,0.23660714285714285,True,False,5.0,2.0,,
2021-12-13/2021-12-19,672,0.10792844522968198,45280.0,50167.0,False,4,15,445,0.6622023809523809,0,0,0,0.0,True,False,4.0,28.0,,
2021-12-20/2021-12-26,672,0.14293253004100748,45479.5,51980.0,True,0,14,57,0.08482142857142858,4,18,459,0.6830357142857143,False,False,,,,
2021-12-27/2022-01-02,672,0.14210895385019942,45634.0,52119.0,False,4,19,463,0.6889880952380952,0,17,71,0.1056547619047619,False,False,,,,
2022-01-03/2022-01-09,672,0.17422101561053865,40517.5,47576.5,False,4,15,447,0.6651785714285714,0,12,49,0.07291666666666667,True,True,5.0,101.0,1.0,100.0
2022-01-10/2022-01-16,672,0.1209179170344219,39655.0,44450.0,True,0,14,58,0.08630952380952381,2,21,277,0.41220238095238093,False,False,,,,
2022-01-17/2022-01-23,672,0.2803886925795053,33960.0,43482.0,False,5,10,520,0.7738095238095238,3,16,352,0.5238095238095238,False,False,,,,
2022-01-24/2022-01-30,672,0.18179055491399745,32906.0,38888.0,True,0,13,52,0.07738095238095238,2,19,268,0.39880952380952384,False,True,,,2.0,1.0
2022-01-31/2022-02-06,672,0.1778428474744824,36200.5,42638.5,True,3,10,329,0.4895833333333333,6,23,671,0.9985119047619048,False,False,,,,
2022-02-07/2022-02-13,672,0.10408702969106864,41595.0,45924.5,True,0,0,1,0.001488095238095238,3,17,357,0.53125,True,False,4.0,474.0,,
2022-02-14/2022-02-20,672,0.1815280744784661,37917.0,44800.0,False,6,9,612,0.9107142857142857,1,23,190,0.28273809523809523,False,False,,,,
2022-02-21/2022-02-27,672,0.17690005110608162,34242.5,40300.0,True,3,5,311,0.46279761904761907,5,0,482,0.7172619047619048,True,True,3.0,18.0,6.0,145.0
2022-02-28/2022-03-06,672,0.21202083611593428,37435.0,45372.0,True,0,0,2,0.002976190476190476,2,15,252,0.375,True,False,6.0,614.0,,
2022-03-07/2022-03-13,672,0.1496809284041035,37139.0,42698.0,True,0,20,80,0.11904761904761904,2,15,255,0.3794642857142857,True,False,6.0,587.0,,
2022-03-14/2022-03-20,672,0.12977322994110907,37527.0,42397.0,True,0,0,0,0.0,5,20,562,0.8363095238095238,False,False,,,,
2022-03-21/2022-03-27,672,0.16098187703064967,40473.5,46989.0,True,0,2,10,0.01488095238095238,6,22,665,0.9895833333333334,False,False,,,,
2022-03-28/2022-04-03,672,0.09010904483960001,44202.0,48185.0,False,4,2,395,0.5877976190476191,0,19,78,0.11607142857142858,False,True,,,1.0,64.0
2022-04-04/2022-04-10,672,0.13043478260869565,41745.0,47190.0,False,6,22,667,0.9925595238095238,1,12,145,0.21577380952380953,False,False,,,,
2022-04-11/2022-04-17,672,0.08241961630266903,39171.5,42400.0,False,0,22,88,0.13095238095238096,0,1,5,0.00744047619047619,True,False,1.0,84.0,,
2022-04-18/2022-04-24,672,0.1165559642806078,38466.5,42950.0,True,0,5,20,0.02976190476190476,3,13,342,0.5089285714285714,True,False,6.0,623.0,,
2022-04-25/2022-05-01,672,0.09242055098926401,37351.0,40803.0,False,6,1,582,0.8660714285714286,1,0,98,0.14583333333333334,True,False,6.0,74.0,,
2022-05-02/2022-05-08,672,0.18987999762371532,33666.0,40058.5,False,6,17,644,0.9583333333333334,2,19,268,0.39880952380952384,False,False,,,,
2022-05-09/2022-05-15,672,0.2910009044317154,26536.0,34258.0,False,3,7,317,0.47172619047619047,0,1,5,0.00744047619047619,False,False,,,,
2022-05-16/2022-05-22,672,0.09368560751580345,28633.0,31315.5,False,2,23,287,0.4270833333333333,0,0,0,0.0,True,False,3.0,12.0,,
2022-05-23/2022-05-29,672,0.09676207513416815,27950.0,30654.5,False,3,13,341,0.5074404761904762,0,6,26,0.03869047619047619,False,True,,,0.0,34.0
2022-05-30/2022-06-05,672,0.1094017094017094,29250.0,32450.0,False,4,14,443,0.6592261904761905,1,16,162,0.24107142857142858,False,False,,,,
2022-06-06/2022-06-12,672,0.1958568738229755,26550.0,31750.0,False,6,23,671,0.9985119047619048,0,14,58,0.08630952380952381,False,True,,,1.0,117.0
2022-06-13/2022-06-19,672,0.5275568181818182,17600.0,26885.0,False,5,20,562,0.8363095238095238,0,0,2,0.002976190476190476,False,False,,,,
2022-06-20/2022-06-26,672,0.11496127191194455,19624.0,21880.0,True,0,1,7,0.010416666666666666,6,12,624,0.9285714285714286,True,False,0.0,12.0,,
2022-06-27/2022-07-03,672,0.16015267996344282,18601.0,21580.0,False,3,20,371,0.5520833333333334,0,8,34,0.050595238095238096,True,False,6.0,224.0,,
2022-07-04/2022-07-10,672,0.18703713430327223,19039.0,22600.0,True,0,3,12,0.017857142857142856,4,1,389,0.5788690476190477,True,False,1.0,134.0,,
2022-07-11/2022-07-17,672,0.14848284086391944,18867.5,21669.0,True,2,12,242,0.3601190476190476,6,7,604,0.8988095238095238,False,False,,,,
2022-07-18/2022-07-24,672,0.16924336560227327,20763.0,24277.0,True,0,0,0,0.0,2,15,254,0.37797619047619047,False,False,,,,
2022-07-25/2022-07-31,672,0.19351408825093036,20691.0,24695.0,True,1,15,158,0.23511904761904762,5,13,532,0.7916666666666666,False,False,,,,
2022-08-01/2022-08-07,672,0.05838926174496644,22350.0,23655.0,False,3,18,360,0.5357142857142857,2,12,241,0.3586309523809524,True,True,3.0,3.0,2.0,18.0
2022-08-08/2022-08-14,672,0.11145153412370676,22521.0,25031.0,True,2,0,194,0.28869047619047616,6,7,607,0.9032738095238095,False,False,,,,
2022-08-15/2022-08-21,672,0.2155812831644959,20730.0,25199.0,False,5,21,564,0.8392857142857143,0,3,13,0.019345238095238096,False,False,,,,
2022-08-22/2022-08-28,672,0.12141868689457229,19511.0,21880.0,False,6,23,671,0.9985119047619048,2,16,256,0.38095238095238093,False,True,,,4.0,178.0
2022-08-29/2022-09-04,672,0.05320020481310804,19530.0,20569.0,False,1,16,163,0.2425595238095238,1,7,126,0.1875,True,True,3.0,191.0,2.0,90.0
2022-09-05/2022-09-11,672,0.18581648691127853,18451.0,21879.5,True,2,2,201,0.29910714285714285,6,17,646,0.9613095238095238,False,False,,,,
2022-09-12/2022-09-18,672,0.18011907843644837,19315.0,22794.0,False,4,17,452,0.6726190476190477,1,12,145,0.21577380952380953,False,True,,,1.0,1.0
2022-09-19/2022-09-25,672,0.1074585635359116,18100.0,20045.0,False,2,22,281,0.4181547619047619,2,18,264,0.39285714285714285,False,False,,,,
2022-09-26/2022-10-02,672,0.10461713542513412,18453.0,20383.5,False,2,2,202,0.3005952380952381,1,12,145,0.21577380952380953,False,False,,,,
2022-10-03/2022-10-09,672,0.07937932126458014,18947.0,20451.0,True,0,0,0,0.0,1,20,179,0.2663690476190476,False,True,,,2.0,82.0
2022-10-10/2022-10-16,672,0.10364672679984506,18071.0,19944.0,True,3,12,338,0.5029761904761905,4,1,391,0.5818452380952381,False,False,,,,
2022-10-17/2022-10-23,672,0.05759471578551674,18621.5,19694.0,False,4,12,432,0.6428571428571429,1,6,122,0.18154761904761904,False,True,,,6.0,539.0
2022-10-24/2022-10-30,672,0.10154006786739754,19155.0,21100.0,True,0,14,57,0.08482142857142858,5,10,521,0.7752976190476191,False,False,,,,
2022-10-31/2022-11-06,672,0.07277587628350864,20013.5,21470.0,True,3,12,339,0.5044642857142857,5,0,483,0.71875,False,False,,,,
2022-11-07/2022-11-13,672,0.362342744413182,15460.5,21062.5,False,2,22,280,0.4166666666666667,0,2,8,0.011904761904761904,False,True,,,1.0,154.0
2022-11-14/2022-11-20,672,0.08925802879291252,15802.5,17213.0,True,0,4,17,0.025297619047619048,0,13,53,0.07886904761904762,True,True,0.0,9.0,0.0,2.0
2022-11-21/2022-11-27,672,0.08873056994818652,15440.0,16810.0,True,0,21,87,0.12946428571428573,3,2,296,0.44047619047619047,False,True,,,5.0,189.0
2022-11-28/2022-12-04,672,0.08789490147012824,15985.0,17390.0,True,0,16,65,0.09672619047619048,3,13,342,0.5089285714285714,True,False,1.0,31.0,,
2022-12-05/2022-12-11,672,0.045540455404554044,16666.5,17425.5,False,2,8,224,0.3333333333333333,0,4,19,0.028273809523809524,True,False,3.0,111.0,,
2022-12-12/2022-12-18,672,0.11168909723272342,16532.5,18379.0,False,4,23,478,0.7113095238095238,2,19,268,0.39880952380952384,False,False,,,,
2022-12-19/2022-12-25,672,0.05252113806085293,16203.0,17054.0,True,0,22,90,0.13392857142857142,1,15,158,0.23511904761904762,False,True,,,4.0,280.0
2022-12-26/2023-01-01,672,0.037179722375099374,16353.0,16961.0,False,4,14,443,0.6592261904761905,1,0,96,0.14285714285714285,False,False,,,,
2023-01-02/2023-01-08,672,0.038545190913484774,16552.0,17190.0,True,0,1,5,0.00744047619047619,6,23,671,0.9985119047619048,True,False,1.0,158.0,,
2023-01-09/2023-01-15,672,0.26067626067626065,17094.0,21550.0,True,0,0,1,0.001488095238095238,5,0,482,0.7172619047619048,False,True,,,5.0,56.0
2023-01-16/2023-01-22,672,0.14697081187147412,20385.0,23381.0,True,2,16,258,0.38392857142857145,5,17,551,0.8199404761904762,True,True,2.0,16.0,6.0,85.0
2023-01-23/2023-01-29,672,0.07379362874680766,22319.0,23966.0,True,2,1,197,0.2931547619047619,6,19,655,0.9747023809523809,True,False,2.0,36.0,,
2023-01-30/2023-02-05,672,0.08004715197615711,22480.5,24280.0,True,0,22,90,0.13392857142857142,3,0,291,0.4330357142857143,False,True,,,3.0,70.0
2023-02-06/2023-02-12,672,0.09478748174382097,21431.1,23462.5,False,4,21,470,0.6994047619047619,2,1,196,0.2916666666666667,True,False,6.0,194.0,,
2023-02-13/2023-02-19,672,0.1860790059781971,21327.5,25296.1,True,0,17,71,0.1056547619047619,3,16,352,0.5238095238095238,False,True,,,4.0,112.0
2023-02-20/2023-02-26,672,0.11371371459517533,22712.3,25295.0,False,5,20,563,0.8377976190476191,1,8,129,0.19196428571428573,False,False,,,,
2023-02-27/2023-03-05,672,0.09693677242638674,21905.0,24028.4,False,4,1,390,0.5803571428571429,2,8,227,0.33779761904761907,False,False,,,,
2023-03-06/2023-03-12,672,0.15662656769900182,19535.0,22594.7,False,4,10,427,0.6354166666666666,0,15,63,0.09375,True,False,5.0,84.0,,
2023-03-13/2023-03-19,672,0.30329756008071906,21804.0,28417.1,True,0,9,38,0.05654761904761905,6,20,656,0.9761904761904762,False,False,,,,
2023-03-20/2023-03-26,672,0.08703175666017132,26583.4,28897.0,False,2,20,272,0.40476190476190477,2,18,264,0.39285714285714285,False,True,,,3.0,85.0
2023-03-27/2023-04-02,672,0.10285068915892022,26474.3,29197.2,True,0,15,60,0.08928571428571429,3,2,298,0.44345238095238093,True,True,1.0,77.0,3.0,2.0
2023-04-03/2023-04-09,672,0.05969089236430537,27175.0,28797.1,True,0,21,84,0.125,2,2,202,0.3005952380952381,False,True,,,2.0,41.0
2023-04-10/2023-04-16,672,0.10396067755165878,28136.6,31061.7,True,0,13,55,0.0818452380952381,4,6,411,0.6116071428571429,False,False,,,,
2023-04-17/2023-04-23,672,0.12720821938058985,27058.0,30500.0,False,4,22,474,0.7053571428571429,1,12,145,0.21577380952380953,False,False,,,,
2023-04-24/2023-04-30,672,0.11617718041064864,26933.0,30062.0,True,0,17,68,0.10119047619047619,2,12,242,0.3601190476190476,True,True,2.0,204.0,3.0,120.0
2023-05-01/2023-05-07,672,0.07933762902449708,27640.1,29833.0,True,0,20,83,0.12351190476190477,5,0,482,0.7172619047619048,False,False,,,,
2023-05-08/2023-05-14,672,0.11065828287532992,25764.0,28615.0,False,4,19,461,0.6860119047619048,0,0,1,0.001488095238095238,False,False,,,,
2023-05-15/2023-05-21,672,0.04960651144780253,26341.3,27648.0,False,3,17,359,0.5342261904761905,0,17,69,0.10267857142857142,False,True,,,2.0,208.0
2023-05-22/2023-05-28,672,0.09396154887625237,25851.0,28280.0,True,3,1,293,0.43601190476190477,6,23,669,0.9955357142857143,False,False,,,,
2023-05-29/2023-06-04,672,0.07432960609047341,26480.7,28449.0,False,4,0,386,0.5744047619047619,0,0,1,0.001488095238095238,False,False,,,,
2023-06-05/2023-06-11,672,0.08185056191311074,25324.2,27397.0,True,1,12,144,0.21428571428571427,2,0,195,0.29017857142857145,True,False,5.0,357.0,,
2023-06-12/2023-06-18,672,0.08504207106680922,24779.5,26886.8,True,2,20,275,0.40922619047619047,5,5,502,0.7470238095238095,False,True,,,6.0,154.0
2023-06-19/2023-06-25,672,0.19786666666666666,26250.0,31444.0,True,0,0,3,0.004464285714285714,4,15,447,0.6651785714285714,False,False,,,,
2023-06-26/2023-07-02,672,0.0638871511722788,29412.8,31291.9,False,4,13,439,0.6532738095238095,4,4,403,0.5997023809523809,False,True,,,4.0,31.0
2023-07-03/2023-07-09,672,0.06294839781500315,29675.1,31543.1,False,4,0,384,0.5714285714285714,3,9,324,0.48214285714285715,False,True,,,3.0,2.0
2023-07-10/2023-07-16,672,0.06597596491815357,29873.0,31843.9,False,4,19,460,0.6845238095238095,3,19,366,0.5446428571428571,True,False,6.0,125.0,,
2023-07-17/2023-07-23,672,0.03559021864995573,29362.0,30407.0,True,1,16,163,0.2425595238095238,3,10,328,0.4880952380952381,False,True,,,6.0,324.0
2023-07-24/2023-07-30,672,0.04273682021420401,28851.0,30084.0,False,0,15,60,0.08928571428571429,0,0,1,0.001488095238095238,False,False,,,,
2023-07-31/2023-08-06,672,0.05198279847035263,28555.6,30040.0,True,1,15,158,0.23511904761904762,2,1,198,0.29464285714285715,False,False,,,,
2023-08-07/2023-08-13,672,0.055399604562525524,28677.1,30265.8,True,0,16,65,0.09672619047619048,1,21,181,0.2693452380952381,False,True,,,2.0,63.0
2023-08-14/2023-08-20,672,0.2264006710494237,24200.9,29680.0,False,3,21,374,0.5565476190476191,0,16,67,0.09970238095238096,True,False,3.0,1.0,,
2023-08-21/2023-08-27,672,0.06160135827729912,25267.3,26823.8,True,1,21,181,0.2693452380952381,2,19,271,0.40327380952380953,False,False,,,,
2023-08-28/2023-09-03,672,0.11204723102578887,25305.4,28140.8,False,4,17,454,0.6755952380952381,1,16,161,0.23958333333333334,False,False,,,,
2023-09-04/2023-09-10,672,0.04370541069511958,25342.4,26450.0,True,2,17,260,0.3869047619047619,3,21,373,0.5550595238095238,False,True,,,3.0,5.0
2023-09-11/2023-09-17,672,0.08198073503021719,24853.4,26890.9,True,0,20,80,0.11904761904761904,4,23,476,0.7083333333333334,False,False,,,,
2023-09-18/2023-09-24,672,0.053909275662410425,26079.0,27484.9,False,6,23,669,0.9955357142857143,1,9,134,0.19940476190476192,False,True,,,1.0,23.0
2023-09-25/2023-10-01,672,0.091589562324566,25971.3,28350.0,True,0,0,1,0.001488095238095238,6,22,665,0.9895833333333334,True,False,2.0,249.0,,
2023-10-02/2023-10-08,672,0.05379994102904322,27132.0,28591.7,False,4,13,436,0.6488095238095238,0,14,56,0.08333333333333333,False,False,,,,
2023-10-09/2023-10-15,672,0.054612977415827775,26523.0,27971.5,False,2,17,263,0.3913690476190476,0,2,8,0.011904761904761904,True,False,3.0,64.0,,
2023-10-16/2023-10-22,672,0.13018672964794448,27098.0,30625.8,True,0,0,2,0.002976190476190476,0,13,54,0.08035714285714286,False,True,,,5.0,498.0
2023-10-23/2023-10-29,672,0.22990794979079499,29875.0,36743.5,True,0,0,1,0.001488095238095238,0,22,90,0.13392857142857142,False,False,,,,
2023-10-30/2023-11-05,672,0.06047657113300248,34026.4,36084.2,True,0,17,69,0.10267857142857142,3,2,299,0.44494047619047616,True,False,1.0,42.0,,
2023-11-06/2023-11-12,672,0.10491620953120208,34526.6,38149.0,True,1,12,144,0.21428571428571427,3,14,347,0.5163690476190477,False,True,,,3.0,2.0
2023-11-13/2023-11-19,672,0.10057059482556473,34542.9,38016.9,True,1,18,171,0.2544642857142857,2,23,287,0.4270833333333333,False,False,,,,
2023-11-20/2023-11-26,672,0.07926038244461284,35613.0,38435.7,True,2,0,192,0.2857142857142857,4,15,446,0.6636904761904762,False,False,,,,
2023-11-27/2023-12-03,672,0.1014694466763813,36714.5,40439.9,True,0,16,64,0.09523809523809523,6,22,666,0.9910714285714286,False,False,,,,
2023-12-04/2023-12-10,672,0.11952015921353319,39996.6,44777.0,True,0,0,0,0.0,4,21,469,0.6979166666666666,False,False,,,,
2023-12-11/2023-12-17,672,0.09179265927598558,40167.7,43854.8,False,0,2,8,0.011904761904761904,0,0,0,0.0,True,True,0.0,69.0,2.0,280.0
2023-12-18/2023-12-24,672,0.09633436868313369,40566.0,44473.9,True,0,10,42,0.0625,4,6,410,0.6101190476190477,False,True,,,4.0,67.0
2023-12-25/2023-12-31,672,0.06290275691651727,41278.0,43874.5,False,4,22,473,0.7038690476190477,0,13,52,0.07738095238095238,False,True,,,2.0,223.0
2024-01-01/2024-01-07,672,0.14266351653817458,40210.0,45946.5,False,2,12,240,0.35714285714285715,1,9,132,0.19642857142857142,False,False,,,,
2024-01-08/2024-01-14,672,0.18709677419354842,41323.0,49054.4,False,4,22,473,0.7038690476190477,3,14,347,0.5163690476190477,True,False,6.0,183.0,,
2024-01-15/2024-01-21,672,0.08221957336909289,40269.0,43579.9,False,4,17,452,0.6726190476190477,1,21,182,0.2708333333333333,False,False,,,,
2024-01-22/2024-01-28,672,0.11181500849953938,38531.5,42839.9,True,1,14,153,0.22767857142857142,6,5,597,0.8883928571428571,False,False,,,,
2024-01-29/2024-02-04,672,0.050826112876156126,41767.9,43890.8,True,0,14,59,0.08779761904761904,1,12,145,0.21577380952380953,True,True,3.0,234.0,1.0,32.0
2024-02-05/2024-02-11,672,0.15093441567052499,42229.6,48603.5,True,0,1,4,0.005952380952380952,6,4,592,0.8809523809523809,False,False,,,,
2024-02-12/2024-02-18,672,0.10828750356298512,47712.8,52879.5,True,0,6,27,0.04017857142857143,3,14,346,0.5148809523809523,False,True,,,4.0,53.0
2024-02-19/2024-02-25,672,0.05334126511996827,50430.0,53120.0,False,2,12,240,0.35714285714285715,1,13,150,0.22321428571428573,True,True,2.0,28.0,1.0,2.0
2024-02-26/2024-03-03,672,0.2665782962177447,50922.0,64496.7,True,0,9,39,0.05803571428571429,2,17,261,0.38839285714285715,False,True,,,3.0,51.0
2024-03-04/2024-03-10,672,0.1896262962900306,59111.0,70320.0,True,1,19,175,0.2604166666666667,4,15,446,0.6636904761904762,False,True,,,4.0,18.0
2024-03-11/2024-03-17,672,0.14578910997554992,64539.8,73949.0,False,6,7,605,0.9002976190476191,3,7,316,0.47023809523809523,False,False,,,,
2024-03-18/2024-03-24,672,0.1362514236058538,60761.2,69040.0,False,2,5,214,0.31845238095238093,0,5,22,0.03273809523809524,False,True,,,3.0,268.0
2024-03-25/2024-03-31,672,0.08321719937626648,66374.5,71898.0,True,0,2,9,0.013392857142857142,2,13,246,0.36607142857142855,True,True,0.0,22.0,3.0,96.0
2024-04-01/2024-04-07,672,0.10850852405055439,64406.0,71394.6,False,2,0,194,0.28869047619047616,0,0,0,0.0,True,False,3.0,111.0,,
2024-04-08/2024-04-14,672,0.2189977897095166,59765.9,72854.5,False,5,20,560,0.8333333333333334,0,12,48,0.07142857142857142,False,False,,,,
2024-04-15/2024-04-21,672,0.12286611437509341,59521.7,66834.9,False,4,2,394,0.5863095238095238,0,9,37,0.05505952380952381,True,False,4.0,1.0,,
2024-04-22/2024-04-28,672,0.077423440756774,62370.0,67198.9,False,5,1,485,0.7217261904761905,0,23,92,0.13690476190476192,True,True,5.0,68.0,1.0,60.0
2024-04-29/2024-05-05,672,0.1451252101583931,56505.0,64705.3,False,2,8,225,0.33482142857142855,1,0,99,0.14732142857142858,True,True,2.0,45.0,5.0,424.0
2024-05-06/2024-05-12,672,0.09031624827402639,60111.0,65540.0,False,4,17,455,0.6770833333333334,0,8,35,0.052083333333333336,True,False,6.0,151.0,,
2024-05-13/2024-05-19,672,0.11579895828872062,60707.8,67737.7,True,0,3,13,0.019345238095238096,6,10,618,0.9196428571428571,True,False,1.0,108.0,,
2024-05-20/2024-05-26,672,0.09128176393978855,66034.0,72061.7,True,0,1,6,0.008928571428571428,1,0,97,0.14434523809523808,True,False,3.0,362.0,,
2024-05-27/2024-06-02,672,0.061174617461746086,66660.0,70737.9,False,4,16,449,0.6681547619047619,0,16,65,0.09672619047619048,False,False,,,,
2024-06-03/2024-06-09,672,0.06724932159150566,67621.5,72169.0,True,0,0,2,0.002976190476190476,4,12,434,0.6458333333333334,False,True,,,4.0,5.0
2024-06-10/2024-06-16,672,0.07920344456404745,65030.0,70180.6,False,4,17,452,0.6726190476190477,0,15,63,0.09375,False,True,,,2.0,186.0
2024-06-17/2024-06-23,672,0.06601069972799174,63123.1,67289.9,False,6,23,671,0.9985119047619048,0,18,74,0.11011904761904762,False,False,,,,
2024-06-24/2024-06-30,672,0.0859036351165981,58320.0,63329.9,False,0,20,82,0.12202380952380952,0,2,8,0.011904761904761904,False,True,,,6.0,657.0
2024-07-01/2024-07-07,672,0.19752111534803976,53314.3,63845.0,False,4,4,401,0.5967261904761905,0,18,73,0.10863095238095238,False,False,,,,
2024-07-08/2024-07-14,672,0.13202700435012713,54228.3,61387.9,True,0,1,5,0.00744047619047619,6,21,663,0.9866071428571429,True,False,0.0,53.0,,
2024-07-15/2024-07-21,672,0.12821050165093825,60601.9,68371.7,True,0,0,0,0.0,6,22,664,0.9880952380952381,False,False,,,,
2024-07-22/2024-07-28,672,0.0950085596850667,63378.5,69400.0,True,3,14,344,0.5119047619047619,5,14,536,0.7976190476190477,False,True,,,5.0,29.0
2024-07-29/2024-08-04,672,0.22724234470691154,57150.0,70136.9,False,6,17,646,0.9613095238095238,0,13,52,0.07738095238095238,False,False,,,,
2024-08-05/2024-08-11,672,0.28272011546772813,48914.1,62743.1,True,0,6,25,0.03720238095238095,3,23,380,0.5654761904761905,True,False,0.0,24.0,,
2024-08-12/2024-08-18,672,0.10522710121476278,56052.1,61950.3,False,3,20,371,0.5520833333333334,2,12,242,0.3601190476190476,False,False,,,,
2024-08-19/2024-08-25,672,0.1262062123072182,57753.1,65041.9,True,0,10,40,0.05952380952380952,4,21,469,0.6979166666666666,True,False,1.0,120.0,,
2024-08-26/2024-09-01,672,0.13238007217983808,56913.4,64447.6,False,6,14,632,0.9404761904761905,0,0,0,0.0,False,False,,,,
2024-09-02/2024-09-08,672,0.1391385175675522,52500.2,59805.0,False,4,21,468,0.6964285714285714,1,2,104,0.15476190476190477,False,False,,,,
2024-09-09/2024-09-15,672,0.11114125105617077,54560.3,60624.2,True,0,5,23,0.03422619047619048,4,23,479,0.7127976190476191,False,False,,,,
2024-09-16/2024-09-22,672,0.11630461270670144,57450.0,64131.7,True,0,17,68,0.10119047619047619,4,4,400,0.5952380952380952,False,True,,,5.0,175.0
2024-09-23/2024-09-29,672,0.06368859445033431,62537.1,66520.0,True,0,0,1,0.001488095238095238,4,14,442,0.6577380952380952,True,True,1.0,97.0,5.0,48.0
2024-09-30/2024-10-06,672,0.09633323418036714,59840.2,65604.8,False,3,13,341,0.5074404761904762,0,0,0,0.0,False,False,,,,
2024-10-07/2024-10-13,672,0.09446519524617997,58900.0,64464.0,False,3,18,360,0.5357142857142857,0,14,57,0.08482142857142858,False,False,,,,
2024-10-14/2024-10-20,672,0.1122271616804838,62422.5,69428.0,True,0,0,3,0.004464285714285714,6,22,667,0.9925595238095238,False,False,,,,
2024-10-21/2024-10-27,672,0.06613713630552946,65240.2,69555.0,False,2,18,265,0.3943452380952381,0,0,2,0.002976190476190476,True,False,4.0,212.0,,
2024-10-28/2024-11-03,672,0.09229261697607773,67456.1,73681.8,False,6,15,638,0.9494047619047619,1,19,172,0.25595238095238093,False,False,,,,
2024-11-04/2024-11-10,672,0.22290743623518142,66808.0,81700.0,True,0,21,87,0.12946428571428573,6,22,665,0.9895833333333334,False,False,,,,
2024-11-11/2024-11-17,672,0.16360483282212787,80267.8,93400.0,True,0,0,0,0.0,2,16,257,0.38244047619047616,False,False,,,,
2024-11-18/2024-11-24,672,0.11480139559849704,89424.0,99690.0,True,0,13,55,0.0818452380952381,4,19,462,0.6875,True,False,0.0,20.0,,
2024-11-25/2024-12-01,672,0.0896609805637663,90835.5,98979.9,False,1,20,178,0.2648809523809524,0,9,37,0.05505952380952381,False,True,,,4.0,407.0
2024-12-02/2024-12-08,672,0.15650944438307746,90530.0,104698.8,False,3,22,377,0.5610119047619048,3,3,300,0.44642857142857145,False,False,,,,
2024-12-09/2024-12-15,672,0.12195594751192908,93888.0,105338.2,True,0,21,84,0.125,6,23,669,0.9955357142857143,True,False,0.0,5.0,,
2024-12-16/2024-12-22,672,0.17555676027323003,92230.0,108421.6,False,4,12,433,0.6443452380952381,1,14,155,0.23065476190476192,False,False,,,,
2024-12-23/2024-12-29,672,0.08094019626716037,92465.8,99950.0,True,0,20,81,0.12053571428571429,3,0,288,0.42857142857142855,True,False,6.0,582.0,,
2024-12-30/2025-01-05,672,0.08184995796146453,91463.7,98950.0,True,0,15,61,0.09077380952380952,4,19,461,0.6860119047619048,True,False,0.0,25.0,,
2025-01-06/2025-01-12,672,0.12672488508080004,91151.0,102702.1,False,3,20,369,0.5491071428571429,1,0,98,0.14583333333333334,True,False,4.0,75.0,,
2025-01-13/2025-01-19,672,0.19502244668911337,89100.0,106476.5,True,0,14,58,0.08630952380952381,6,20,659,0.9806547619047619,False,False,,,,
2025-01-20/2025-01-26,672,0.10504110046120547,99500.1,109951.7,True,0,0,2,0.002976190476190476,0,6,27,0.04017857142857143,True,True,0.0,68.0,0.0,9.0
2025-01-27/2025-02-02,672,0.10861894925011176,95994.3,106421.1,False,6,22,666,0.9910714285714286,3,15,348,0.5178571428571429,False,False,,,,
2025-02-03/2025-02-09,672,0.12385237576042099,91166.6,102457.8,True,0,2,8,0.011904761904761904,0,22,88,0.13095238095238096,False,False,,,,
2025-02-10/2025-02-16,672,0.05127381352578481,94001.2,98821.0,True,2,13,246,0.36607142857142855,4,17,455,0.6770833333333334,True,False,2.0,4.0,,
2025-02-17/2025-02-23,672,0.06575466067140234,93318.1,99454.2,True,1,19,172,0.25595238095238093,4,13,439,0.6532738095238095,False,True,,,4.0,6.0
2025-02-24/2025-03-02,672,0.23431380696965246,78210.5,96536.3,False,4,8,419,0.6235119047619048,0,0,3,0.004464285714285714,False,True,,,6.0,644.0
2025-03-03/2025-03-09,672,0.18145642658177483,79913.4,94414.2,False,6,23,668,0.9940476190476191,0,0,0,0.0,False,True,,,0.0,58.0
2025-03-10/2025-03-16,672,0.11437585733882022,76545.0,85299.9,True,1,0,99,0.14732142857142858,4,15,446,0.6636904761904762,False,True,,,6.0,194.0
2025-03-17/2025-03-23,672,0.07776692611994034,81093.6,87400.0,True,1,14,153,0.22767857142857142,3,0,288,0.42857142857142855,False,False,,,,
2025-03-24/2025-03-30,672,0.08870077291129923,81510.0,88740.0,False,6,22,664,0.9880952380952381,0,14,57,0.08482142857142858,False,True,,,1.0,97.0
2025-03-31/2025-04-06,672,0.14888529970746017,77083.5,88560.1,False,6,23,669,0.9955357142857143,2,20,273,0.40625,False,False,,,,
2025-04-07/2025-04-13,672,0.15637112826064187,74456.2,86099.0,True,0,7,28,0.041666666666666664,6,1,582,0.8660714285714286,True,False,2.0,168.0,,
2025-04-14/2025-04-20,672,0.04080428631629643,83055.0,86444.0,False,2,1,196,0.2916666666666667,1,13,151,0.22470238095238096,True,False,2.0,14.0,,
2025-04-21/2025-04-27,672,0.12476661484899429,85106.1,95724.5,True,0,0,0,0.0,4,14,443,0.6592261904761905,False,False,,,,
2025-04-28/2025-05-04,672,0.055180592991913746,92750.0,97868.0,True,0,1,6,0.008928571428571428,4,14,443,0.6592261904761905,True,False,2.0,241.0,,
2025-05-05/2025-05-11,672,0.12485549132947973,93333.5,104986.7,True,1,13,151,0.22470238095238096,5,23,573,0.8526785714285714,False,False,,,,
2025-05-12/2025-05-18,672,0.059212617193707295,100688.0,106650.0,True,0,18,75,0.11160714285714286,6,23,671,0.9985119047619048,False,False,,,,
2025-05-19/2025-05-25,672,0.09772549019607843,102000.0,111968.0,True,0,6,26,0.03869047619047619,3,17,357,0.53125,False,False,,,,
2025-05-26/2025-06-01,672,0.07437342774620327,103036.8,110700.0,False,5,3,492,0.7321428571428571,1,13,149,0.22172619047619047,False,True,,,1.0,9.0
2025-06-02/2025-06-08,672,0.06401295465869454,100350.0,106773.7,False,3,20,371,0.5520833333333334,1,15,157,0.23363095238095238,False,True,,,6.0,483.0
2025-06-09/2025-06-15,672,0.07828259452443764,102626.9,110660.8,False,4,1,388,0.5773809523809523,0,21,86,0.12797619047619047,False,True,,,1.0,87.0
2025-06-16/2025-06-22,672,0.11037452229299363,98125.0,108955.5,False,6,20,657,0.9776785714285714,0,22,88,0.13095238095238096,False,False,,,,
2025-06-23/2025-06-29,672,0.08963557305108404,99581.0,108507.0,True,0,16,66,0.09821428571428571,6,11,623,0.9270833333333334,False,False,,,,
2025-06-30/2025-07-06,672,0.051657836674008514,105058.6,110485.7,True,2,1,197,0.2931547619047619,3,13,343,0.5104166666666666,False,True,,,3.0,29.0
2025-07-07/2025-07-13,672,0.11274316683384603,107369.7,119474.9,True,1,2,105,0.15625,6,19,654,0.9732142857142857,False,False,,,,
2025-07-14/2025-07-20,672,0.06479481641468683,115750.0,123250.0,False,1,14,155,0.23065476190476192,0,7,30,0.044642857142857144,True,False,1.0,15.0,,
2025-07-21/2025-07-27,672,0.04891465434574144,114710.0,120321.0,False,4,7,415,0.6175595238095238,1,23,189,0.28125,True,True,4.0,27.0,6.0,475.0
2025-07-28/2025-08-03,672,0.07128720836685433,111870.0,119844.9,False,6,0,578,0.8601190476190477,0,2,10,0.01488095238095238,False,True,,,1.0,111.0
2025-08-04/2025-08-10,672,0.060899272235975764,112577.7,119433.6,True,1,14,155,0.23065476190476192,6,3,589,0.8764880952380952,False,True,,,6.0,44.0
2025-08-11/2025-08-17,672,0.06727165087521939,116719.3,124571.2,False,4,16,448,0.6666666666666666,3,0,290,0.43154761904761907,False,False,,,,
2025-08-18/2025-08-24,672,0.0629447042541452,110551.0,117509.6,False,6,19,654,0.9732142857142857,0,0,0,0.0,False,True,,,0.0,88.0
2025-08-25/2025-08-31,672,0.05917893755824785,107300.0,113649.9,False,5,1,487,0.7247023809523809,0,3,12,0.017857142857142856,False,True,,,3.0,295.0
2025-09-01/2025-09-07,672,0.057530643085017014,107202.0,113369.4,True,0,5,21,0.03125,4,12,435,0.6473214285714286,True,False,0.0,65.0,,
2025-09-08/2025-09-14,672,0.054675804778242174,110555.3,116600.0,True,0,2,9,0.013392857142857142,4,19,463,0.6889880952380952,True,True,1.0,95.0,6.0,121.0
2025-09-15/2025-09-21,672,0.03120902268530382,114316.3,117884.0,True,0,13,54,0.08035714285714286,3,18,361,0.5372023809523809,False,False,,,,
2025-09-22/2025-09-28,672,0.0625536619069553,108550.0,115340.2,False,4,11,429,0.6383928571428571,0,0,0,0.0,True,False,4.0,32.0,,
2025-09-29/2025-10-05,672,0.12882644823800402,111487.2,125849.7,True,0,7,29,0.043154761904761904,6,4,595,0.8854166666666666,False,False,,,,
2025-10-06/2025-10-12,672,0.2484425394795831,101045.9,126150.0,False,4,21,469,0.6979166666666666,0,18,75,0.11160714285714286,False,False,,,,
2025-10-13/2025-10-19,672,0.12097365169658182,103437.4,115950.6,False,4,10,425,0.6324404761904762,0,2,8,0.011904761904761904,True,False,4.0,17.0,,
2025-10-20/2025-10-26,672,0.08439036289263331,106588.0,115583.0,True,2,11,236,0.35119047619047616,6,22,664,0.9880952380952381,True,False,2.0,13.0,,
2025-10-27/2025-11-02,672,0.09553589079783481,106225.0,116373.3,False,3,19,366,0.5446428571428571,0,7,28,0.041666666666666664,False,True,,,1.0,123.0
2025-11-03/2025-11-09,672,0.11966252764488343,98888.1,110721.3,False,1,21,182,0.2708333333333333,0,0,0,0.0,True,False,2.0,14.0,,
2025-11-10/2025-11-16,672,0.15670344737037512,92920.1,107481.0,False,6,23,668,0.9940476190476191,1,1,101,0.15029761904761904,False,False,,,,
2025-11-17/2025-11-23,672,0.1915234114770389,80607.9,96046.2,False,4,12,433,0.6443452380952381,0,14,58,0.08630952380952381,False,False,,,,
2025-11-24/2025-11-30,672,0.09235768579445629,85211.1,93081.0,True,0,14,59,0.08779761904761904,4,14,442,0.6577380952380952,False,False,,,,
2025-12-01/2025-12-07,672,0.12457838489026953,83755.3,94189.4,True,0,15,63,0.09375,2,22,283,0.4211309523809524,False,False,,,,
2025-12-08/2025-12-14,672,0.0803010446528241,87521.9,94550.0,False,6,23,670,0.9970238095238095,1,17,164,0.24404761904761904,False,True,,,2.0,108.0
2025-12-15/2025-12-21,672,0.0702882780207112,84408.1,90341.0,False,3,20,368,0.5476190476190477,2,15,252,0.375,False,True,,,2.0,2.0
2025-12-22/2025-12-28,672,0.04892703266317985,86363.3,90588.8,False,2,14,250,0.37202380952380953,0,12,50,0.0744047619047619,True,True,4.0,194.0,0.0,8.0
2025-12-29/2026-01-04,672,0.057895404193514986,86753.0,91775.6,True,0,12,49,0.07291666666666667,6,6,600,0.8928571428571429,True,False,0.0,10.0,,
2026-01-05/2026-01-11,672,0.0614808093029508,89262.0,94749.9,False,3,14,347,0.5163690476190477,0,20,81,0.12053571428571429,True,True,4.0,72.0,1.0,72.0
2026-01-12/2026-01-18,672,0.08765821379402226,90068.0,97963.2,True,0,14,57,0.08482142857142858,2,20,272,0.40476190476190477,False,True,,,3.0,55.0
2026-01-19/2026-01-25,672,0.088260797801733,86031.4,93624.6,False,6,23,668,0.9940476190476191,0,0,0,0.0,False,False,,,,
2026-01-26/2026-02-01,672,0.197372038190296,75663.2,90597.0,False,6,23,668,0.9940476190476191,2,17,263,0.3913690476190476,False,False,,,,
2026-02-02/2026-02-08,672,0.3256078012289607,59888.0,79388.0,False,4,0,385,0.5729166666666666,0,15,62,0.09226190476190477,False,False,,,,
2026-02-09/2026-02-15,672,0.09764696841619909,65065.0,71418.4,False,3,18,362,0.5386904761904762,0,3,15,0.022321428571428572,False,True,,,0.0,55.0
2026-02-16/2026-02-22,672,0.06901568468969943,65573.5,70099.1,False,3,14,346,0.5148809523809523,0,13,52,0.07738095238095238,True,True,3.0,2.0,0.0,1.0
2026-02-23/2026-03-01,672,0.12123071402367423,62422.3,69989.8,True,1,13,150,0.22321428571428573,2,21,278,0.41369047619047616,True,False,5.0,357.0,,
2026-03-02/2026-03-08,672,0.1346336902289293,65238.5,74021.8,True,0,14,56,0.08333333333333333,2,19,269,0.40029761904761907,True,True,1.0,99.0,3.0,60.0
2026-03-09/2026-03-15,672,0.12293657755002464,65782.7,73869.8,True,0,0,1,0.001488095238095238,4,14,441,0.65625,False,True,,,6.0,226.0
2026-03-16/2026-03-22,672,0.1300711291662269,67300.1,76053.9,False,6,21,661,0.9836309523809523,1,1,102,0.15178571428571427,False,False,,,,
2026-03-23/2026-03-29,672,0.10855507833133402,64935.7,71984.8,False,6,22,667,0.9925595238095238,2,11,238,0.3541666666666667,False,False,,,,
2026-03-30/2026-04-05,672,0.05535589193798922,65666.0,69301.0,False,3,13,342,0.5089285714285714,2,7,220,0.3273809523809524,False,True,,,2.0,38.0
2026-04-06/2026-04-12,672,0.09044164364130676,67679.0,73800.0,True,1,15,156,0.23214285714285715,5,19,556,0.8273809523809523,False,False,,,,
2026-04-13/2026-04-19,672,0.11073204071272814,70523.4,78332.6,True,0,8,35,0.052083333333333336,4,16,449,0.6681547619047619,False,False,,,,
2026-04-20/2026-04-26,672,0.07833832969467878,73653.6,79423.5,True,0,0,0,0.0,2,16,256,0.38095238095238093,False,True,,,6.0,407.0
2026-04-27/2026-05-03,672,0.06084646194926561,74900.0,79457.4,False,2,18,264,0.39285714285714285,0,1,4,0.005952380952380952,True,True,3.0,42.0,5.0,562.0
2026-05-04/2026-05-10,672,0.05936518170560732,78170.4,82811.0,True,0,10,41,0.06101190476190476,2,11,237,0.35267857142857145,False,True,,,6.0,431.0
2026-05-11/2026-05-17,672,0.07406272213273511,76671.5,82350.0,False,6,23,670,0.9970238095238095,0,0,0,0.0,False,True,,,0.0,65.0
2026-05-18/2026-05-24,672,0.053240709552770576,74221.4,78173.0,False,5,7,511,0.7604166666666666,3,8,320,0.47619047619047616,False,True,,,3.0,37.0
2026-05-25/2026-05-31,672,0.07712180533723802,72460.7,78049.0,False,4,14,441,0.65625,1,14,153,0.22767857142857142,False,False,,,,
